mcu_time_s,corrected_encoder_travel_deg,iq_target_A
0,0,0
0.001,0.0001693460274,0.400000006
0.002,0.008652022605,0.4041618407
0.003,0.02389303136,0.3836881816
0.004,0.04901732846,0.340461731
0.005,0.08105338958,0.2704315484
0.006,0.120185583,0.1804807633
0.007,0.1646893601,0.09543547034
0.008,0.2097308275,-0.007798322942
0.009,0.2549251205,-0.09260877967
0.01,0.2963009364,-0.1723568439
0.011,0.3331966638,-0.2248693407
0.012,0.3605485864,-0.2556429207
0.013,0.3802965131,-0.2550173104
0.014,0.3903320107,-0.223984465
0.015,0.3922405961,-0.1743649393
0.016,0.3920712862,-0.1029850915
0.017,0.3763100041,-0.03340074047
0.018,0.358470655,0.0779100731
0.019,0.3352746238,0.1763293892
0.02,0.3143102077,0.2734079063
0.021,0.2952696309,0.3484562039
0.022,0.283155596,0.405787915
0.023,0.2765674977,0.4317426383
0.024,0.2765674977,0.4385439157
0.025,0.2843562282,0.4259203374
0.026,0.3056596226,0.3815475404
0.027,0.3364752219,0.299258858
0.028,0.3718155512,0.202995792
0.029,0.4135427363,0.1073128581
0.03,0.4542223627,0.006549452897
0.031,0.4926693958,-0.08005904406
0.032,0.5257442785,-0.1472122669
0.033,0.5543091674,-0.19132559
0.034,0.5752554425,-0.2098638415
0.035,0.5861671099,-0.204356432
0.036,0.589291313,-0.1687674522
0.037,0.589291313,-0.1117770448
0.038,0.5782103716,-0.05749141052
0.039,0.5579413088,0.03679337353
0.04,0.533362652,0.138519153
0.041,0.5089529634,0.2350217849
0.042,0.4871286402,0.3194056451
0.043,0.4672125636,0.3890852332
0.044,0.4554382741,0.4322929084
0.045,0.4478195757,0.4515331388
0.046,0.4474809662,0.4487604797
0.047,0.4544070582,0.4282238781
0.048,0.4770936736,0.3794542551
0.049,0.5025349772,0.2949405313
0.05,0.533362652,0.2040999383
0.051,0.5698996214,0.117824167
0.052,0.606420469,0.01204113569
0.053,0.6427866882,-0.06567520648
0.054,0.6710111756,-0.1289546639
0.055,0.6942029432,-0.1675066203
0.056,0.7113465019,-0.178354606
0.057,0.7179176436,-0.1673591137
0.058,0.7179176436,-0.1262552291
0.059,0.7146243812,-0.07379600406
0.06,0.6968037269,-0.01466068439
0.061,0.6758434594,0.08733215928
0.062,0.6509124306,0.1768988073
0.063,0.6280740775,0.267367214
0.064,0.601926582,0.3475925624
0.065,0.5828736093,0.4084331393
0.066,0.5714540423,0.4467385709
0.067,0.5641744159,0.4567704797
0.068,0.5633125554,0.4497433603
0.069,0.571284749,0.4255005419
0.07,0.5917075649,0.3689578176
0.071,0.6183784638,0.285710603
0.072,0.6516203534,0.1931302249
0.073,0.6872777615,0.09311731905
0.074,0.7220726858,-0.003287752392
0.075,0.7566976685,-0.07954164594
0.076,0.7793805218,-0.133450985
0.077,0.8004934795,-0.1637378782
0.078,0.8131426705,-0.1737662554
0.079,0.817297495,-0.1502001882
0.08,0.8179899648,-0.1107468382
0.081,0.8079414323,-0.06462208182
0.082,0.7894138239,0.0127913272
0.083,0.7648382909,0.1106816232
0.084,0.7393852596,0.2030615062
0.085,0.7149783302,0.2929114401
0.086,0.6917868273,0.3623782694
0.087,0.6734273191,0.414098829
0.088,0.6611311158,0.4472548366
0.089,0.6590535263,0.4508514404
0.09,0.6590535263,0.4268994033
0.091,0.66944145,0.4013608396
0.092,0.6902171197,0.3398824334
0.093,0.7194873273,0.2458193153
0.094,0.7511577156,0.1521687806
0.095,0.7847511152,0.06403007358
0.096,0.8164357544,-0.02630176768
0.097,0.8472427267,-0.08885653317
0.098,0.8687088143,-0.1417849958
0.099,0.8858507262,-0.1613281667
0.1,0.8934675919,-0.1620925665
0.101,0.8953756503,-0.1373824924
0.102,0.8927751509,-0.09120996296
0.103,0.8751101217,-0.03632139787
0.104,0.8539980318,0.05664784089
0.105,0.8247453788,0.1481177807
0.106,0.7960000718,0.2467290759
0.107,0.7684700124,0.3344425559
0.108,0.7447559712,0.4042470455
0.109,0.7293516814,0.4522377253
0.11,0.7181023124,0.4749157429
0.111,0.7153322792,0.4660006166
0.112,0.7179176436,0.4399436712
0.113,0.733152752,0.3968255818
0.114,0.7572208854,0.3198179007
0.115,0.7887367316,0.2250761837
0.116,0.823175786,0.1192010045
0.117,0.857629575,0.0202607587
0.118,0.8906978263,-0.06609483063
0.119,0.9199494156,-0.1335695088
0.12,0.9401990556,-0.1860485971
0.121,0.9550937831,-0.1910657436
0.122,0.9588943809,-0.1764454097
0.123,0.9592482824,-0.1371139288
0.124,0.9481695965,-0.09429224581
0.125,0.926350542,-0.009334938601
0.126,0.8986531974,0.08948867023
0.127,0.8673239131,0.1928741187
0.128,0.8372097442,0.2974723279
0.129,0.8091571076,0.3733558357
0.13,0.7847511152,0.4387406111
0.131,0.7670850347,0.4806737304
0.132,0.7598215789,0.4978494048
0.133,0.7596523031,0.4770252705
0.134,0.7650075662,0.4393984973
0.135,0.7842279062,0.38616696
0.136,0.8143429541,0.2895766199
0.137,0.8461963446,0.1886369586
0.138,0.8820345875,0.07992035896
0.139,0.9175335999,-0.01488975249
0.14,0.9495544359,-0.1070591882
0.141,0.9748198762,-0.1679501086
0.142,0.9928224413,-0.1929615885
0.143,1.003393095,-0.2008849531
0.144,1.004070107,-0.1735114902
0.145,1.000438857,-0.1273772568
0.146,0.9812361956,-0.07190474868
0.147,0.9550937831,0.0333523266
0.148,0.923073045,0.1423609555
0.149,0.8920827096,0.2430232018
0.15,0.8597069375,0.3378797174
0.151,0.8333935031,0.4178920686
0.152,0.8134812121,0.467048198
0.153,0.7998163914,0.498401612
0.154,0.7947843876,0.490360111
0.155,0.7947843876,0.4630052745
0.156,0.8095110383,0.4233218431
0.157,0.8333935031,0.3359859586
0.158,0.8623074843,0.2355772108
0.159,0.897437582,0.1343764663
0.16,0.9315514407,0.0332259275
0.161,0.9651261132,-0.05067268014
0.162,0.9921300382,-0.12898691
0.163,1.013425157,-0.1747727245
0.164,1.027273004,-0.1949494779
0.165,1.033335251,-0.1849130541
0.166,1.033335251,-0.1500955224
0.167,1.020518345,-0.1071275771
0.168,0.9987155497,-0.02275761776
0.169,0.969803745,0.07493773103
0.17,0.9386449499,0.1873327941
0.171,0.9048851368,0.2909624875
0.172,0.8720017974,0.377532959
0.173,0.8479351851,0.4576670825
0.174,0.8268073908,0.4955311418
0.175,0.8184977758,0.5183101296
0.176,0.8162510956,0.4918990731
0.177,0.8162510956,0.4549577534
0.178,0.8356401621,0.4131349921
0.179,0.8617842976,0.309900552
0.18,0.8951909996,0.2110267133
0.181,0.9313821809,0.09858264774
0.182,0.96600317,-0.003989517223
0.183,0.9990540567,-0.09406213462
0.184,1.025026583,-0.1629055142
0.185,1.045613546,-0.197704196
0.186,1.056353139,-0.2042393684
0.187,1.058261025,-0.1847699732
0.188,1.057737895,-0.1425843686
0.189,1.038874342,-0.09462264925
0.19,1.012902014,0.004973494913
0.191,0.9822671129,0.1150888503
0.192,0.9469540143,0.2204982787
0.193,0.9135482665,0.3273672163
0.194,0.8848043664,0.4110176861
0.195,0.858491296,0.4650213718
0.196,0.8417030499,0.5154136419
0.197,0.8351169678,0.5150703192
0.198,0.8339166979,0.4853661954
0.199,0.8406566647,0.4469079673
0.2,0.8633384692,0.383195281
0.201,0.8936368553,0.274756223
0.202,0.9282585657,0.1662827581
0.203,0.9646183432,0.05042262748
0.204,0.9997464571,-0.04796219617
0.205,1.029519423,-0.1320587993
0.206,1.054629884,-0.1848903894
0.207,1.070200657,-0.213939175
0.208,1.075739635,-0.2052470893
0.209,1.07626276,-0.1702837199
0.21,1.065354038,-0.1276718229
0.211,1.041120746,-0.04594535381
0.212,1.011701862,0.06347030401
0.213,0.9760354396,0.1743492335
0.214,0.9410761246,0.2931135595
0.215,0.9093936624,0.3802415729
0.216,0.8782338284,0.4595104158
0.217,0.857629575,0.5127971768
0.218,0.8446421583,0.5278282762
0.219,0.8410105892,0.5158509612
0.22,0.8418723181,0.4797513187
0.221,0.8607533118,0.4319464862
0.222,0.8900053842,0.330545336
0.223,0.9206418462,0.2222718149
0.224,0.957694193,0.1110542044
0.225,0.9957613045,-0.008373886347
0.226,1.029350172,-0.1023623198
0.227,1.057214765,-0.172616154
0.228,1.077124377,-0.2193825692
0.229,1.088202273,-0.2271220535
0.23,1.092525711,-0.2064091712
0.231,1.088202273,-0.1631053388
0.232,1.06881591,-0.09808678925
0.233,1.040951496,0.003735504812
0.234,1.00910153,0.1191757694
0.235,0.9713578239,0.2262825817
0.236,0.9360445126,0.341208756
0.237,0.9029770885,0.4237872362
0.238,0.878049176,0.4867351055
0.239,0.8612611109,0.5324175358
0.24,0.8529516536,0.5249137282
0.241,0.8529516536,0.5005328059
0.242,0.8609225782,0.4557484984
0.243,0.8835887417,0.3861493766
0.244,0.9126711842,0.2805755138
0.245,0.9464308522,0.1653654128
0.246,0.9834826713,0.05836405605
0.247,1.017241019,-0.04110712186
0.248,1.048736958,-0.1246307939
0.249,1.072800902,-0.1804316938
0.25,1.087679151,-0.2072844803
0.251,1.092879586,-0.2038272172
0.252,1.093402706,-0.1685051173
0.253,1.082494088,-0.1247840673
0.254,1.06016891,-0.0448570624
0.255,1.029873311,0.05596143752
0.256,0.9992386968,0.1721561551
0.257,0.9606331133,0.2801316679
0.258,0.9265198023,0.3771757483
0.259,0.8972683191,0.4521284401
0.26,0.8766642819,0.5078294277
0.261,0.8624767505,0.5270258188
0.262,0.8591837501,0.5147687793
0.263,0.8591837501,0.4778568745
0.264,0.8758025695,0.4366348982
0.265,0.9035002633,0.3359889686
0.266,0.9336287185,0.221253559
0.267,0.9701576443,0.1188407615
0.268,1.006162688,0.004851278849
0.269,1.038012706,-0.08625844866
0.27,1.065877166,-0.154296875
0.271,1.086294418,-0.1925823689
0.272,1.096341406,-0.2132086605
0.273,1.099110857,-0.1895356029
0.274,1.098233864,-0.1480354071
0.275,1.079724611,-0.1017803252
0.276,1.053245125,0.0004100184015
0.277,1.022257019,0.1049522087
0.278,0.9862522951,0.2154371291
0.279,0.9507700164,0.3262165785
0.28,0.9197801547,0.4099205434
0.281,0.8934675919,0.4770351946
0.282,0.8742484086,0.518214047
0.283,0.8647233735,0.5244351029
0.284,0.8631692031,0.5047513247
0.285,0.8674931788,0.4632814527
0.286,0.8903439115,0.4031734467
0.287,0.9168257807,0.2936187983
0.288,0.9524933695,0.1897131205
0.289,0.9898835732,0.07100675255
0.29,1.024503443,-0.04345853254
0.291,1.057214765,-0.125393182
0.292,1.082494088,-0.181471318
0.293,1.09806462,-0.2115516067
0.294,1.106372952,-0.2125632167
0.295,1.106372952,-0.1830838025
0.296,1.09806462,-0.1373954564
0.297,1.074016399,-0.05829875916
0.298,1.045105798,0.04166416824
0.299,1.009963179,0.1570214033
0.3,0.9741274663,0.2714649141
0.301,0.9384756908,0.3680627346
0.302,0.9093936624,0.4477488101
0.303,0.8877434049,0.5089398026
0.304,0.8730327768,0.5256206989
0.305,0.8690627333,0.5179874897
0.306,0.8690627333,0.4798617363
0.307,0.8848043664,0.4383872747
0.308,0.9104246206,0.3400076032
0.309,0.9429687456,0.2361110449
0.31,0.9786358195,0.1214251891
0.311,1.014979199,0.005393386353
0.312,1.048213825,-0.08567434549
0.313,1.077462869,-0.1614935249
0.314,1.10049558,-0.2099058479
0.315,1.11226569,-0.2303108871
0.316,1.115035117,-0.2090123147
0.317,1.112958047,-0.1663667411
0.318,1.095464412,-0.1127387658
0.319,1.067092668,-0.0135619333
0.32,1.031427338,0.1043079421
0.321,0.995422797,0.2236991376
0.322,0.9583712222,0.3313989043
0.323,0.9249656849,0.4258906245
0.324,0.897437582,0.4968574345
0.325,0.8782338284,0.5325129628
0.326,0.8674931788,0.5405244827
0.327,0.8668007279,0.520730257
0.328,0.8740791434,0.4722698629
0.329,0.8960527027,0.405130744
0.33,0.9273968779,0.2934383452
0.331,0.9621872001,0.1735371649
0.332,1.000962004,0.05687921494
0.333,1.035920162,-0.05095006153
0.334,1.071585403,-0.1335474551
0.335,1.095464412,-0.2004186064
0.336,1.11312729,-0.2272531539
0.337,1.118666136,-0.2273689061
0.338,1.119004621,-0.1920838207
0.339,1.107419184,-0.146439299
0.34,1.082494088,-0.06386114657
0.341,1.049952472,0.05027459562
0.342,1.011701862,0.1705413014
0.343,0.9741274663,0.28734833
0.344,0.9369215836,0.3906199336
0.345,0.9055775732,0.4798638225
0.346,0.8820345875,0.5336057544
0.347,0.8673239131,0.556607306
0.348,0.8650772933,0.5484161377
0.349,0.8666314621,0.4996212423
0.35,0.8853275463,0.4459425211
0.351,0.9140560507,0.3467113376
0.352,0.9476464347,0.2235545665
0.353,0.9846828421,0.09967963398
0.354,1.023811053,-0.008227353916
0.355,1.059815028,-0.1086670831
0.356,1.08975625,-0.1902689338
0.357,1.110696347,-0.2285787314
0.358,1.121958664,-0.2395438254
0.359,1.124543449,-0.2197245806
0.36,1.120573957,-0.177001968
0.361,1.100834068,-0.1136112735
0.362,1.071923897,-0.01353116892
0.363,1.035412412,0.1070231944
0.364,0.9985309095,0.2303409427
0.365,0.9608023704,0.3430126011
0.366,0.9258427612,0.4393448234
0.367,0.8993456362,0.5045909286
0.368,0.8790955397,0.5405244827
0.369,0.8706168987,0.547439754
0.37,0.8688780799,0.5187698603
0.371,0.8771874642,0.4763238132
0.372,0.9003919876,0.4051705897
0.373,0.931028274,0.2907941043
0.374,0.9691113331,0.1731283665
0.375,1.006501194,0.04716865718
0.376,1.043197898,-0.0579418093
0.377,1.076432006,-0.1492158473
0.378,1.102388035,-0.2109294385
0.379,1.120912441,-0.2408157587
0.38,1.127143615,-0.2384540737
0.381,1.127143615,-0.2043516785
0.382,1.114850489,-0.1569867879
0.383,1.089063884,-0.06426040083
0.384,1.054629884,0.04875783622
0.385,1.017579522,0.1742179841
0.386,0.9789743302,0.292868644
0.387,0.94175316,0.3927569389
0.388,0.9069624452,0.4826485217
0.389,0.8830809489,0.540750742
0.39,0.8695705301,0.5626571178
0.391,0.8642001876,0.5508597493
0.392,0.8642001876,0.5126132369
0.393,0.884111922,0.4665306509
0.394,0.9107785315,0.3528421521
0.395,0.9492005326,0.2326368243
0.396,0.9884987646,0.1013378426
0.397,1.026057475,-0.01295343041
0.398,1.061030535,-0.1149675846
0.399,1.093571951,-0.1946911216
0.4,1.114173518,-0.2462002784
0.401,1.129051427,-0.2527171373
0.402,1.130605369,-0.2367902547
0.403,1.129051427,-0.188518092
0.404,1.107065311,-0.1271882504
0.405,1.077647501,-0.02531760558
0.406,1.041982379,0.102843307
0.407,1.005285651,0.2238017321
0.408,0.9634027721,0.3374765217
0.409,0.9287817332,0.4423035085
0.41,0.8993456362,0.5155329704
0.411,0.8790955397,0.558649838
0.412,0.8692319989,0.5630312562
0.413,0.8678470981,0.5347766876
0.414,0.8730327768,0.4862632155
0.415,0.8967605301,0.4175775349
0.416,0.9273968779,0.3054887354
0.417,0.9651261132,0.1815103143
0.418,1.003393095,0.05614449084
0.419,1.041982379,-0.05086464435
0.42,1.07521651,-0.1462494135
0.421,1.104295873,-0.2122208625
0.422,1.122481776,-0.2474370748
0.423,1.128189835,-0.2516509593
0.424,1.128528317,-0.2075645626
0.425,1.119527733,-0.1606416851
0.426,1.092879586,-0.08200136572
0.427,1.06136903,0.03740103543
0.428,1.021733878,0.1580789387
0.429,0.9831287746,0.2826528847
0.43,0.9462615938,0.3903794885
0.431,0.9118094889,0.4786800444
0.432,0.8886204992,0.5384892225
0.433,0.8737252254,0.5683692694
0.434,0.8661082767,0.5524480939
0.435,0.8661082767,0.5158475041
0.436,0.8834194774,0.4641704261
0.437,0.9130250946,0.3595916629
0.438,0.9483388547,0.2399914861
0.439,0.9876371054,0.1110546067
0.44,1.028827034,-0.01366116107
0.441,1.063276911,-0.1209402606
0.442,1.095649042,-0.1956712008
0.443,1.117619911,-0.2440014482
0.444,1.128697559,-0.2511795163
0.445,1.131651586,-0.2313547283
0.446,1.127835966,-0.187505886
0.447,1.107065311,-0.1248972714
0.448,1.078339871,-0.01699882746
0.449,1.04181313,0.09585426003
0.45,1.002869949,0.2293579578
0.451,0.9634027721,0.3425928056
0.452,0.9265198023,0.4399054348
0.453,0.8977914954,0.5201491714
0.454,0.8773721168,0.5614646673
0.455,0.8662929304,0.5610679388
0.456,0.8657697449,0.5412432551
0.457,0.873386695,0.4914030433
0.458,0.8964066164,0.4163517654
0.459,0.9272276177,0.3036549687
0.46,0.9637412856,0.1820993125
0.461,1.001823657,0.05829873681
0.462,1.038181956,-0.04588451609
0.463,1.073308641,-0.1342717111
0.464,1.100141707,-0.2073649615
0.465,1.116589071,-0.234621197
0.466,1.122651018,-0.2359541208
0.467,1.122989501,-0.1988333911
0.468,1.111742576,-0.1516914964
0.469,1.08715603,-0.06701110303
0.47,1.056353139,0.04085202143
0.471,1.020010591,0.1631985009
0.472,0.9805284013,0.2797237337
0.473,0.9434919088,0.3864555061
0.474,0.9112863165,0.4786281884
0.475,0.8872356132,0.5300334692
0.476,0.8732174298,0.5563063025
0.477,0.8685395486,0.5484296083
0.478,0.8685395486,0.5023230314
0.479,0.8867124338,0.4576420486
0.48,0.9140560507,0.3506408036
0.481,0.9507700164,0.2277830243
0.482,0.9898835732,0.1097452864
0.483,1.026411364,-0.008089068346
0.484,1.06136903,-0.1087614223
0.485,1.092879586,-0.1829677224
0.486,1.112788805,-0.2267864347
0.487,1.124035723,-0.243553102
0.488,1.126974373,-0.2188522071
0.489,1.124543449,-0.1756526679
0.49,1.101711059,-0.1126616746
0.491,1.074524138,-0.006484704092
0.492,1.03782807,0.1047330871
0.493,1.003039202,0.2342897356
0.494,0.9642644428,0.335260421
0.495,0.9286124732,0.4274920225
0.496,0.9007305129,0.5066359639
0.497,0.8820345875,0.5407448411
0.498,0.8744176737,0.5463688374
0.499,0.871832532,0.5188698173
0.5,0.8799572505,0.4760558605
0.501,0.9035002633,0.3963330686
0.502,0.9370908429,0.2840245366
0.503,0.9734350561,0.1630527228
0.504,1.009963179,0.04682498798
0.505,1.047352195,-0.05859097466
0.506,1.080232349,-0.1445821673
0.507,1.106203709,-0.2150735706
0.508,1.121604795,-0.241060704
0.509,1.129574536,-0.233335048
0.51,1.129574536,-0.2028584182
0.511,1.117450669,-0.155867368
0.512,1.091664101,-0.0661688745
0.513,1.058953403,0.04813885689
0.514,1.020349094,0.1710424423
0.515,0.9819132159,0.2892051041
0.516,0.9462615938,0.3985565305
0.517,0.9128558331,0.4813007414
0.518,0.8874048771,0.5371589661
0.519,0.8751101217,0.5623603463
0.52,0.872340328,0.5430670977
0.521,0.872340328,0.4973151386
0.522,0.8939907694,0.4507144988
0.523,0.9216881853,0.3387964368
0.524,0.9583712222,0.2148345113
0.525,0.9962844525,0.09510595351
0.526,1.036966434,-0.02506668493
0.527,1.073139395,-0.1218457147
0.528,1.103603512,-0.2015541792
0.529,1.122651018,-0.2480763197
0.53,1.133728634,-0.2555915117
0.531,1.135113332,-0.2300563306
0.532,1.129220668,-0.1833686978
0.533,1.106372952,-0.1140021607
0.534,1.075570389,0.004101945087
0.535,1.03748957,0.1201967821
0.536,0.9987155497,0.2554526925
0.537,0.9583712222,0.3663444817
0.538,0.922365228,0.4653206766
0.539,0.8936368553,0.5361715555
0.54,0.8740791434,0.5683450699
0.541,0.8659390108,0.5685099959
0.542,0.8650772933,0.536505878
0.543,0.8761564871,0.4887345135
0.544,0.9029770885,0.3963849843
0.545,0.9372601021,0.2779655159
0.546,0.9768971044,0.1461203694
0.547,1.016533239,0.02491070144
0.548,1.056014642,-0.07733482122
0.549,1.088371518,-0.1764420867
0.55,1.114342761,-0.233744517
0.551,1.129220668,-0.2604084909
0.552,1.135451813,-0.2497995645
0.553,1.135451813,-0.2104344666
0.554,1.117112184,-0.1629060805
0.555,1.08975625,-0.05252953991
0.556,1.053583622,0.06878583878
0.557,1.01256351,0.1962752342
0.558,0.9717117229,0.3165916204
0.559,0.9341518844,0.4310041368
0.56,0.9033310009,0.5120766163
0.561,0.8803111673,0.5600178242
0.562,0.8674931788,0.5734263659
0.563,0.8645541075,0.5507664084
0.564,0.8699244489,0.5068477988
0.565,0.8926058875,0.4401348531
0.566,0.9242732559,0.3241841197
0.567,0.9627103578,0.1994893104
0.568,1.002685309,0.07027531415
0.569,1.042336265,-0.04957536235
0.57,1.077462869,-0.1527549475
0.571,1.108973144,-0.2229026556
0.572,1.128189835,-0.2598882616
0.573,1.137713483,-0.2634855211
0.574,1.137882723,-0.2369045019
0.575,1.129220668,-0.1857256293
0.576,1.102911152,-0.110523507
0.577,1.07003141,0.01824685745
0.578,1.030381062,0.1421182156
0.579,0.9914376349,0.2686409354
0.58,0.9514470481,0.3831209242
0.581,0.9156255649,0.4820905924
0.582,0.888789763,0.5501787663
0.583,0.8704476332,0.5758038163
0.584,0.8619535639,0.5750265718
0.585,0.8619535639,0.538906455
0.586,0.8761564871,0.4883790612
0.587,0.9038541755,0.3852032721
0.588,0.9395066324,0.2673565745
0.589,0.9788050748,0.1374999732
0.59,1.02242627,0.01330802497
0.591,1.061553664,-0.1093444452
0.592,1.09391044,-0.1871508509
0.593,1.120912441,-0.2561156452
0.594,1.136667268,-0.2772488892
0.595,1.138913551,-0.2642905712
0.596,1.138913551,-0.2147970498
0.597,1.118143024,-0.1649609059
0.598,1.086986785,-0.04782828316
0.599,1.049260091,0.07988546044
0.6,1.008055241,0.2128913254
0.601,0.9656492699,0.3424429595
0.602,0.9249656849,0.4493997097
0.603,0.8934675919,0.5403410792
0.604,0.8706168987,0.5874944925
0.605,0.8591837501,0.5933429003
0.606,0.8574603083,0.5661213994
0.607,0.8643848414,0.5166306496
0.608,0.8872356132,0.4381054044
0.609,0.9221959673,0.3242222965
0.61,0.9613255284,0.1883186996
0.611,1.003208455,0.05490354821
0.612,1.043367147,-0.06656271964
0.613,1.078678363,-0.1609527469
0.614,1.109142388,-0.2290609479
0.615,1.126282022,-0.2722004354
0.616,1.134944091,-0.2634012997
0.617,1.135621054,-0.2308465093
0.618,1.125420428,-0.1810170412
0.619,1.098756983,-0.09385658801
0.62,1.063276911,0.03260822222
0.621,1.023641801,0.1587348282
0.622,0.9808822984,0.286108464
0.623,0.9410761246,0.400675416
0.624,0.9062700094,0.4989623129
0.625,0.8803111673,0.5640079379
0.626,0.8626460167,0.5930990577
0.627,0.857106387,0.5838587284
0.628,0.857106387,0.5381028652
0.629,0.8751101217,0.4787240326
0.63,0.9047158746,0.3745637834
0.631,0.9410761246,0.2538556457
0.632,0.9831287746,0.1197026372
0.633,1.02294941,-0.009075117297
0.634,1.060507405,-0.1137009189
0.635,1.094433559,-0.203348577
0.636,1.119004621,-0.250897944
0.637,1.132343936,-0.269012481
0.638,1.134590224,-0.2515501976
0.639,1.132343936,-0.2025704384
0.64,1.108973144,-0.1438945085
0.641,1.081278596,-0.02372850105
0.642,1.045798181,0.09516252577
0.643,1.003393095,0.2282992899
0.644,0.9642644428,0.3473226726
0.645,0.9267044498,0.4442028701
0.646,0.8970990561,0.5212980509
0.647,0.8773721168,0.5637703538
0.648,0.8673239131,0.5679779053
0.649,0.8654158252,0.5386701822
0.65,0.8730327768,0.4936917722
0.651,0.8962373534,0.41393435
0.652,0.9291202532,0.303907007
0.653,0.9665109396,0.1805684417
0.654,1.007547483,0.05621567369
0.655,1.045275047,-0.06101368368
0.656,1.078509117,-0.152619645
0.657,1.10775767,-0.2233715057
0.658,1.124204965,-0.2555946708
0.659,1.13146696,-0.2542354167
0.66,1.131820827,-0.2146624327
0.661,1.121774037,-0.1657592207
0.662,1.096849139,-0.0804817602
0.663,1.061892159,0.03472005203
0.664,1.023980304,0.1638736129
0.665,0.9848674837,0.2824178338
0.666,0.9485081129,0.3916165531
0.667,0.9140560507,0.4780112803
0.668,0.8900053842,0.5356197357
0.669,0.8744176737,0.5604251623
0.67,0.8699244489,0.5479961634
0.671,0.8699244489,0.5076002479
0.672,0.8898361205,0.4617792666
0.673,0.9204725854,0.3486326039
0.674,0.9544013656,0.2236537933
0.675,0.9952535432,0.09807048738
0.676,1.032642863,-0.02418429777
0.677,1.070200657,-0.1208586842
0.678,1.10152643,-0.1975511611
0.679,1.122127906,-0.2523554564
0.68,1.133036285,-0.2565021813
0.681,1.135113332,-0.2391373962
0.682,1.130959237,-0.186336264
0.683,1.108111543,-0.1251515746
0.684,1.078170625,-0.01371236611
0.685,1.043721032,0.1098505408
0.686,1.004070107,0.2328627259
0.687,0.9663416831,0.3492046893
0.688,0.931028274,0.4455256462
0.689,0.9029770885,0.510171473
0.69,0.8846351022,0.5487868786
0.691,0.8770181993,0.5506906509
0.692,0.8752793867,0.5151284933
0.693,0.8851582822,0.4721457064
0.694,0.9107785315,0.3892682791
0.695,0.9436611674,0.2718272805
0.696,0.9831287746,0.1421312541
0.697,1.022072381,0.02246638946
0.698,1.061030535,-0.08372131735
0.699,1.093048831,-0.1790841222
0.7,1.117619911,-0.2357553691
0.701,1.132343936,-0.260969311
0.702,1.137713483,-0.2481494248
0.703,1.137882723,-0.2052761167
0.704,1.121774037,-0.160156399
0.705,1.093571951,-0.05806048959
0.706,1.060845901,0.06242073327
0.707,1.020687597,0.1817549616
0.708,0.979497483,0.3046928048
0.709,0.9438458132,0.4201875329
0.71,0.9114709656,0.4938873351
0.711,0.8886204992,0.5437250137
0.712,0.8754640395,0.5622147322
0.713,0.8730327768,0.5409769416
0.714,0.8740791434,0.4959237278
0.715,0.8988224602,0.4367669225
0.716,0.9287817332,0.3185482025
0.717,0.9635720289,0.1976475418
0.718,1.004070107,0.07083242387
0.719,1.043367147,-0.04578585923
0.72,1.079032241,-0.1398876011
0.721,1.107419184,-0.2172904015
0.722,1.126974373,-0.2533009052
0.723,1.135451813,-0.257763654
0.724,1.138221204,-0.2274708897
0.725,1.131990068,-0.1840177625
0.726,1.10775767,-0.1130130664
0.727,1.077816747,0.006402770989
0.728,1.042336265,0.1274543256
0.729,1.003393095,0.2393478155
0.73,0.9654800134,0.3524677455
0.731,0.9303358473,0.4451738894
0.732,0.9031617384,0.5132651925
0.733,0.8854968104,0.5482840538
0.734,0.8768489345,0.5457370877
0.735,0.8768489345,0.5153023601
0.736,0.8891282905,0.466440618
0.737,0.9140560507,0.3764399886
0.738,0.9462615938,0.2620654702
0.739,0.9827902647,0.1403330714
0.74,1.021395375,0.01724345796
0.741,1.060338158,-0.08801925182
0.742,1.090448615,-0.1745203286
0.743,1.117112184,-0.2319772243
0.744,1.132343936,-0.258120954
0.745,1.136498028,-0.2435623407
0.746,1.136498028,-0.2037763
0.747,1.120389329,-0.1583953649
0.748,1.094602804,-0.05925263464
0.749,1.05964578,0.05456573144
0.75,1.023457164,0.1784265637
0.751,0.9829595197,0.2946982384
0.752,0.946784756,0.4026114941
0.753,0.9145792223,0.4772936702
0.754,0.8927751509,0.5353195071
0.755,0.8787570103,0.5576328039
0.756,0.8758025695,0.5344036818
0.757,0.8771874642,0.4902234375
0.758,0.8977914954,0.4405697882
0.759,0.9277353982,0.3276749849
0.76,0.9632335153,0.2022798806
0.761,1.003562348,0.07981915027
0.762,1.043197898,-0.04024591297
0.763,1.079555365,-0.1417610198
0.764,1.110357861,-0.2212197483
0.765,1.130266886,-0.2653641701
0.766,1.142729148,-0.2693736851
0.767,1.143590733,-0.2491400838
0.768,1.137713483,-0.1989796162
0.769,1.114681246,-0.1233492717
0.77,1.082494088,-0.009189467877
0.771,1.04422878,0.1141599566
0.772,1.004254746,0.2462417483
0.773,0.9644336995,0.3506718576
0.774,0.9273968779,0.4517315626
0.775,0.8977914954,0.5269811749
0.776,0.8796187213,0.5641774535
0.777,0.8709554296,0.5605502129
0.778,0.8709554296,0.5295310616
0.779,0.8823885039,0.4783770442
0.78,0.9088704894,0.389167726
0.781,0.9433226501,0.2641955912
0.782,0.9832980296,0.1321806461
0.783,1.025718973,0.01042938884
0.784,1.064138534,-0.1083103791
0.785,1.097203013,-0.1917897165
0.786,1.122127906,-0.2555048764
0.787,1.137882723,-0.2753089964
0.788,1.142729148,-0.2653335035
0.789,1.142729148,-0.2211161256
0.79,1.124374207,-0.1723856032
0.791,1.094264315,-0.06708050519
0.792,1.055491512,0.06589356065
0.793,1.017918026,0.1966571212
0.794,0.9762046953,0.3104313612
0.795,0.9381217853,0.4265344143
0.796,0.9057468354,0.5149509311
0.797,0.8797879859,0.5553277731
0.798,0.8671546473,0.5791683793
0.799,0.8652465593,0.5551802516
0.8,0.8680163638,0.505736053
0.801,0.8926058875,0.4399241209
0.802,0.9260120215,0.3141807616
0.803,0.9644336995,0.1793070734
0.804,1.005639543,0.05513901263
0.805,1.047706079,-0.06556747854
0.806,1.083001824,-0.1631180793
0.807,1.114173518,-0.2434293479
0.808,1.133728634,-0.2859483659
0.809,1.143067628,-0.2815081477
0.81,1.143929213,-0.2518920004
0.811,1.134067116,-0.2011917084
0.812,1.106896068,-0.119806461
0.813,1.072631655,0.006481459364
0.814,1.032473613,0.137141943
0.815,0.9909298723,0.2692180872
0.816,0.9500622101,0.3857796192
0.817,0.9128558331,0.4840666354
0.818,0.8848043664,0.5548157096
0.819,0.8676778324,0.5874254107
0.82,0.862138218,0.5726913214
0.821,0.862138218,0.5308291912
0.822,0.8801419028,0.4802883863
0.823,0.9092244005,0.366422385
0.824,0.9469540143,0.245733723
0.825,0.9886680191,0.1014482751
0.826,1.031088837,-0.02357135341
0.827,1.069862164,-0.1425639689
0.828,1.103434269,-0.2156147212
0.829,1.128697559,-0.2740601897
0.83,1.142375282,-0.2898026109
0.831,1.146190872,-0.2761197388
0.832,1.143421493,-0.2291457951
0.833,1.120050845,-0.1630276591
0.834,1.091494856,-0.04515666142
0.835,1.052891242,0.08021842688
0.836,1.010132431,0.2130845785
0.837,0.9677265087,0.3361514211
0.838,0.9301665874,0.4432361424
0.839,0.897437582,0.5281631947
0.84,0.8771874642,0.565598011
0.841,0.8668007279,0.5755850077
0.842,0.8635231232,0.553950727
0.843,0.8700937144,0.4997137189
0.844,0.8958834397,0.4230974019
0.845,0.9284278258,0.2955590785
0.846,0.9680650214,0.1653297395
0.847,1.008747638,0.04200980812
0.848,1.047875328,-0.07394322008
0.849,1.08560205,-0.1770178974
0.85,1.11312729,-0.2476318926
0.851,1.133559393,-0.2739847898
0.852,1.139267417,-0.278283447
0.853,1.139267417,-0.239023298
0.854,1.128359076,-0.1885589957
0.855,1.102741908,-0.09827715904
0.856,1.068123536,0.01987313293
0.857,1.03073495,0.1431290805
0.858,0.9890219147,0.2626128495
0.859,0.9498929521,0.3733690679
0.86,0.9163179972,0.4699213207
0.861,0.8912210046,0.533870101
0.862,0.8726942463,0.5604416728
0.863,0.8673239131,0.5556629896
0.864,0.8673239131,0.5152612925
0.865,0.8858507262,0.4664902091
0.866,0.9135482665,0.350733608
0.867,0.9492005326,0.2301691025
0.868,0.989191169,0.1067108586
0.869,1.027965394,-0.02373279259
0.87,1.066046413,-0.1227706596
0.871,1.095987531,-0.210130915
0.872,1.120912441,-0.2577286661
0.873,1.134944091,-0.2773603797
0.874,1.137713483,-0.2581782043
0.875,1.136144161,-0.2107159644
0.876,1.116065958,-0.1585503221
0.877,1.084571192,-0.04151496291
0.878,1.049260091,0.08394246548
0.879,1.007716736,0.2112269402
0.88,0.9672033525,0.3302605748
0.881,0.9301665874,0.4339478612
0.882,0.899868812,0.5070335865
0.883,0.8796187213,0.5542474985
0.884,0.8699244489,0.5559694767
0.885,0.8694012645,0.5293322802
0.886,0.8749408567,0.478852123
0.887,0.9007305129,0.4051292837
0.888,0.9315514407,0.2922104895
0.889,0.9680650214,0.1666697711
0.89,1.009609287,0.04127451405
0.891,1.046321315,-0.07467310131
0.892,1.081447841,-0.1636319011
0.893,1.108111543,-0.2305130064
0.894,1.126282022,-0.2632622421
0.895,1.132343936,-0.2626807988
0.896,1.132343936,-0.2222391069
0.897,1.121774037,-0.1742300391
0.898,1.094787434,-0.08234957606
0.899,1.061722911,0.0313093625
0.9,1.022072381,0.1564575583
0.901,0.9824363679,0.2806611061
0.902,0.9448767518,0.3890401423
0.903,0.9112863165,0.4746950865
0.904,0.8861892542,0.5316988826
0.905,0.8707861641,0.5638498068
0.906,0.8647233735,0.5480820537
0.907,0.8640309215,0.5109266043
0.908,0.8811728776,0.4632478058
0.909,0.9100860971,0.3547420204
0.91,0.9436611674,0.2334283292
0.911,0.9824363679,0.09953886271
0.912,1.024164941,-0.01364174485
0.913,1.059815028,-0.1125457361
0.914,1.091664101,-0.198274672
0.915,1.11398889,-0.2481846064
0.916,1.127835966,-0.2615546882
0.917,1.130789995,-0.2470820397
0.918,1.130605369,-0.2032556981
0.919,1.112434933,-0.1496876031
0.92,1.081801719,-0.05080719665
0.921,1.046490564,0.08396121114
0.922,1.005978049,0.2026240081
0.923,0.9694498456,0.315592587
0.924,0.9308590142,0.4176490903
0.925,0.9012536883,0.4987361133
0.926,0.8811728776,0.5475878716
0.927,0.8706168987,0.5537626743
0.928,0.8687088143,0.5229893923
0.929,0.8747715916,0.4772203863
0.93,0.8972683191,0.4068673551
0.931,0.9277353982,0.2964471579
0.932,0.9649568565,0.1723099649
0.933,1.003562348,0.04633929953
0.934,1.042674763,-0.06299654394
0.935,1.077293623,-0.1553665251
0.936,1.103265025,-0.221422717
0.937,1.122127906,-0.2563811839
0.938,1.129051427,-0.2538896203
0.939,1.129913019,-0.2234642059
0.94,1.122481776,-0.1748210043
0.941,1.096341406,-0.09905298799
0.942,1.06380004,0.0256684497
0.943,1.025888224,0.1471234411
0.944,0.9884987646,0.2631601691
0.945,0.9514470481,0.3701215386
0.946,0.9185645535,0.4537182748
0.947,0.8931136777,0.5153441429
0.948,0.8785723579,0.5417276621
0.949,0.873386695,0.5272831321
0.95,0.873386695,0.4907104671
0.951,0.8886204992,0.4453210831
0.952,0.9164872584,0.34717682
0.953,0.9514470481,0.2307825983
0.954,0.989191169,0.1081506237
0.955,1.027796143,-0.01454382204
0.956,1.06380004,-0.1206029579
0.957,1.095464412,-0.194943592
0.958,1.118143024,-0.248156175
0.959,1.130266886,-0.2599011362
0.96,1.133559393,-0.2421538085
0.961,1.132513177,-0.2008727491
0.962,1.111050218,-0.1461188197
0.963,1.080755472,-0.03687968105
0.964,1.045275047,0.08204415441
0.965,1.006162688,0.211631909
0.966,0.967034096,0.3236289024
0.967,0.9298126804,0.4257625043
0.968,0.9019461261,0.4980401695
0.969,0.8808189609,0.5424107909
0.97,0.8720017974,0.5541111231
0.971,0.8695705301,0.5242102146
0.972,0.8770181993,0.4764966965
0.973,0.9014229509,0.3959757388
0.974,0.9336287185,0.2873065174
0.975,0.9706654127,0.1652932614
0.976,1.010486322,0.03573482856
0.977,1.049260091,-0.0768481046
0.978,1.082832579,-0.170255959
0.979,1.111573333,-0.2311389893
0.98,1.129051427,-0.2677567303
0.981,1.136498028,-0.2638564706
0.982,1.136498028,-0.2327581644
0.983,1.121958664,-0.1835221201
0.984,1.097895376,-0.08542516828
0.985,1.063276911,0.03057185374
0.986,1.02294941,0.1559623629
0.987,0.9846828421,0.2809644639
0.988,0.9450460103,0.3864353001
0.989,0.9107785315,0.4775437117
0.99,0.8839426578,0.5403180718
0.991,0.8683548952,0.5635560155
0.992,0.8636923893,0.5548993349
0.993,0.8636923893,0.5124923587
0.994,0.8849736305,0.4605912268
0.995,0.9119941379,0.3475312591
0.996,0.9481695965,0.2298363298
0.997,0.989191169,0.09292133152
0.998,1.029350172,-0.02649220265
0.999,1.06621566,-0.1359158009
1,1.097556887,-0.2136951685
1.001,1.118496894,-0.2638859749
1.002,1.132682418,-0.2740857601
1.003,1.136498028,-0.2558315098
1.004,1.132174695,-0.2112063915
1.005,1.109142388,-0.1469339281
1.006,1.080586226,-0.03610001877
1.007,1.043721032,0.09565253556
1.008,1.002346803,0.2172402442
1.009,0.9630488715,0.3385033309
1.01,0.9247964245,0.4398240149
1.011,0.8962373534,0.5147742033
1.012,0.8744176737,0.5601971745
1.013,0.8666314621,0.5646545291
1.014,0.8640309215,0.5270252228
1.015,0.8732174298,0.4836803973
1.016,0.8972683191,0.4045042396
1.017,0.9322438669,0.283244431
1.018,0.9704961566,0.1462653428
1.019,1.01256351,0.02374880761
1.02,1.050121721,-0.08968391269
1.021,1.087679151,-0.1757891476
1.022,1.114342761,-0.2496270239
1.023,1.130789995,-0.2803927958
1.024,1.136836509,-0.2760556638
1.025,1.136836509,-0.2330029905
1.026,1.121604795,-0.1839256585
1.027,1.094079684,-0.0821704939
1.028,1.057568647,0.04339093342
1.029,1.016887129,0.1683348566
1.03,0.9786358195,0.2938413322
1.031,0.9401990556,0.3984516263
1.032,0.9059314851,0.4935679734
1.033,0.8837733936,0.5448529124
1.034,0.8680163638,0.5593819022
1.035,0.8662929304,0.5469608307
1.036,0.8668007279,0.4966274202
1.037,0.8889590268,0.4443560839
1.038,0.9178721221,0.3265110552
1.039,0.9549245255,0.2033322006
1.04,0.9961151987,0.07562579215
1.041,1.034889275,-0.04276863486
1.042,1.071062277,-0.1481706202
1.043,1.102218791,-0.2169146389
1.044,1.122297148,-0.2642989159
1.045,1.133374767,-0.274974823
1.046,1.136328787,-0.2453965694
1.047,1.130959237,-0.2030080259
1.048,1.108634658,-0.1323488951
1.049,1.076078127,-0.0194011461
1.05,1.042167015,0.09850116074
1.051,1.003562348,0.2227062285
1.052,0.9635720289,0.3413263559
1.053,0.9284278258,0.4301844537
1.054,0.8996995492,0.5044288039
1.055,0.8808189609,0.5416083932
1.056,0.8720017974,0.5432880521
1.057,0.8720017974,0.5151376128
1.058,0.8839426578,0.4651625752
1.059,0.9069624452,0.3783199191
1.06,0.9396912786,0.2607758045
1.061,0.979497483,0.1412813067
1.062,1.018964309,0.008684072644
1.063,1.055491512,-0.08852677047
1.064,1.087340661,-0.1794021875
1.065,1.11312729,-0.2446332574
1.066,1.129220668,-0.2605553269
1.067,1.134759465,-0.2561162114
1.068,1.134759465,-0.218129918
1.069,1.118496894,-0.1716066301
1.07,1.089925495,-0.07269577682
1.071,1.058784155,0.04557945952
1.072,1.018271916,0.1721322387
1.073,0.9791435855,0.292485714
1.074,0.9398605376,0.3968994915
1.075,0.9069624452,0.4880782962
1.076,0.8834194774,0.5430473089
1.077,0.8704476332,0.5648469925
1.078,0.8657697449,0.5457419157
1.079,0.8680163638,0.4983148873
1.08,0.8905131751,0.4428264499
1.081,0.9192569847,0.3284522295
1.082,0.9563093598,0.1956700534
1.083,0.9966383466,0.06926359981
1.084,1.038689705,-0.04851277918
1.085,1.074185646,-0.1498129666
1.086,1.104988233,-0.228179276
1.087,1.12611278,-0.2699413896
1.088,1.136328787,-0.2794517577
1.089,1.136836509,-0.2536052465
1.09,1.130266886,-0.2009440958
1.091,1.104818989,-0.1248950586
1.092,1.074524138,-0.007693733554
1.093,1.033504501,0.1113612875
1.094,0.995422797,0.2402817756
1.095,0.9550937831,0.3529346585
1.096,0.9194262456,0.4520486593
1.097,0.8917287951,0.5273001194
1.098,0.8707861641,0.5611059666
1.099,0.8645541075,0.5620585084
1.1,0.8645541075,0.5228084922
1.101,0.8777106464,0.47228688
1.102,0.9036849131,0.3806437552
1.103,0.9375986206,0.2636266053
1.104,0.9755122859,0.138199985
1.105,1.015856231,0.0127965901
1.106,1.053922119,-0.1006601974
1.107,1.088725394,-0.1989096701
1.108,1.114173518,-0.2498979568
1.109,1.130436128,-0.2777603269
1.11,1.133728634,-0.2677406967
1.111,1.133728634,-0.219811067
1.112,1.117281426,-0.1705925018
1.113,1.088540763,-0.06867019087
1.114,1.051337234,0.05692374334
1.115,1.014979199,0.1882597804
1.116,0.9729272884,0.305037111
1.117,0.9329362928,0.4059269726
1.118,0.9017768635,0.4958782792
1.119,0.8787570103,0.5447333455
1.12,0.8661082767,0.5650526881
1.121,0.8633384692,0.5409707427
1.122,0.8659390108,0.4960410297
1.123,0.8884512355,0.43402794
1.124,0.9194262456,0.3174529672
1.125,0.9571710339,0.1947544813
1.126,0.9961151987,0.06743847579
1.127,1.036104798,-0.05530519038
1.128,1.072447022,-0.1511959732
1.129,1.102911152,-0.2234728485
1.13,1.123866482,-0.2707992792
1.131,1.133374767,-0.2778227329
1.132,1.134420983,-0.2481594831
1.133,1.129051427,-0.1983116269
1.134,1.103603512,-0.1287141442
1.135,1.071416157,-0.006632732227
1.136,1.033335251,0.1220327839
1.137,0.9929916953,0.2500307262
1.138,0.9547398809,0.3635926247
1.139,0.9180413831,0.4539340436
1.14,0.8884512355,0.525434196
1.141,0.872340328,0.5572658777
1.142,0.8650772933,0.5571729541
1.143,0.8650772933,0.5179672837
1.144,0.8796187213,0.4683606625
1.145,0.9073163568,0.3681283295
1.146,0.9398605376,0.2418718785
1.147,0.9812361956,0.1212827936
1.148,1.020179843,-0.004057597835
1.149,1.060845901,-0.1085739434
1.15,1.092525711,-0.2013680935
1.151,1.115727473,-0.2566332221
1.152,1.129743777,-0.2722433209
1.153,1.13580568,-0.2642859221
1.154,1.13580568,-0.2209656388
1.155,1.117450669,-0.1730082482
1.156,1.090971736,-0.06409219652
1.157,1.054799133,0.05695438758
1.158,1.014979199,0.1810406297
1.159,0.9725733897,0.3017087281
1.16,0.9379525261,0.4131109416
1.161,0.9066239211,0.4914809465
1.162,0.8825577682,0.5438448191
1.163,0.8695705301,0.5607774854
1.164,0.8664621962,0.544069469
1.165,0.8680163638,0.4925177097
1.166,0.8894822056,0.4310225546
1.167,0.9213342766,0.3170950115
1.168,0.9580327076,0.1905702204
1.169,0.9964690929,0.06144733354
1.17,1.039566727,-0.04962762073
1.171,1.071585403,-0.1529986709
1.172,1.100834068,-0.2166134119
1.173,1.122481776,-0.2652759254
1.174,1.130266886,-0.2693243325
1.175,1.132513177,-0.2403387278
1.176,1.122651018,-0.1917349398
1.177,1.098587738,-0.111153692
1.178,1.066738788,-0.001834652037
1.179,1.027611506,0.1260776967
1.18,0.9876371054,0.253972739
1.181,0.9492005326,0.371846199
1.182,0.9138867893,0.4664143324
1.183,0.8860199902,0.5328907967
1.184,0.8690627333,0.5658964515
1.185,0.8629999369,0.5585858822
1.186,0.8624767505,0.5141792297
1.187,0.876495017,0.4669393897
1.188,0.906454659,0.3649516702
1.189,0.9407222196,0.24097386
1.19,0.9817439609,0.113644667
1.191,1.022595521,-0.01100703422
1.192,1.059815028,-0.1242663637
1.193,1.093402706,-0.2102018446
1.194,1.117973781,-0.2603392601
1.195,1.132682418,-0.2819229364
1.196,1.137359616,-0.2642175257
1.197,1.137359616,-0.2243679166
1.198,1.1162352,-0.1744824499
1.199,1.088894639,-0.06036286429
1.2,1.052721994,0.06681115925
1.201,1.012732762,0.1945096999
1.202,0.9692805894,0.3140150905
1.203,0.9324131266,0.4226929545
1.204,0.8991763734,0.498061955
1.205,0.8773721168,0.559104085
1.206,0.8673239131,0.5638434887
1.207,0.8631692031,0.5441155434
1.208,0.8676778324,0.4947846234
1.209,0.8913902681,0.422380656
1.21,0.920811107,0.3056704998
1.211,0.9608023704,0.1863155663
1.212,0.9997464571,0.05833652616
1.213,1.039212841,-0.06241590902
1.214,1.07626276,-0.1597401351
1.215,1.106034465,-0.2424709648
1.216,1.127835966,-0.2731463909
1.217,1.134067116,-0.2813085616
1.218,1.136836509,-0.2424807101
1.219,1.128697559,-0.2004497349
1.22,1.102741908,-0.1176568717
1.221,1.070539151,0.006223152392
1.222,1.033335251,0.1282996833
1.223,0.9909298723,0.2512601316
1.224,0.9528318851,0.3677116334
1.225,0.917702861,0.4614731073
1.226,0.8905131751,0.5224884152
1.227,0.8737252254,0.5613117218
1.228,0.8668007279,0.5470023751
1.229,0.8668007279,0.5125404
1.23,0.8832502132,0.4636034966
1.231,0.9114709656,0.3587128222
1.232,0.9462615938,0.24486202
1.233,0.9845135873,0.1112104133
1.234,1.023980304,-0.01145177428
1.235,1.061030535,-0.1138559952
1.236,1.090279371,-0.195427835
1.237,1.115204359,-0.2467025965
1.238,1.128697559,-0.2694805562
1.239,1.132343936,-0.2484618723
1.24,1.130605369,-0.2071882784
1.241,1.110019375,-0.1518187523
1.242,1.079724611,-0.03729865327
1.243,1.044751914,0.08324372023
1.244,1.004777892,0.2080219686
1.245,0.96600317,0.3258773088
1.246,0.9282585657,0.429477036
1.247,0.8995302865,0.502089262
1.248,0.8782338284,0.5436990261
1.249,0.8673239131,0.5515319705
1.25,0.8652465593,0.5299320221
1.251,0.8690627333,0.4821581542
1.252,0.8936368553,0.4096890092
1.253,0.9241039954,0.3018985987
1.254,0.9594175395,0.1775721312
1.255,0.9992386968,0.05342823267
1.256,1.038351206,-0.0610017851
1.257,1.073493274,-0.1501780599
1.258,1.099618589,-0.223509267
1.259,1.116942941,-0.2545793951
1.26,1.125066559,-0.2553534508
1.261,1.125928153,-0.2203114778
1.262,1.116589071,-0.1747938544
1.263,1.091833346,-0.09335684776
1.264,1.058430273,0.0219427757
1.265,1.020872235,0.1448485553
1.266,0.9815747058,0.2662025988
1.267,0.9441843304,0.3706023395
1.268,0.9109477932,0.4655117989
1.269,0.8861892542,0.523671627
1.27,0.8695705301,0.5438322425
1.271,0.8652465593,0.5406392217
1.272,0.8652465593,0.5005272031
1.273,0.8818653231,0.4531675577
1.274,0.9106092698,0.3476507068
1.275,0.9448767518,0.2349838763
1.276,0.9834826713,0.1055891812
1.277,1.022072381,-0.01177776139
1.278,1.058261025,-0.1138832048
1.279,1.088540763,-0.1921775192
1.28,1.112434933,-0.2399805039
1.281,1.125420428,-0.2584412992
1.282,1.127666725,-0.2465880364
1.283,1.126282022,-0.1984383464
1.284,1.109311631,-0.148975268
1.285,1.081278596,-0.047105968
1.286,1.043890281,0.0688476786
1.287,1.006162688,0.2030921429
1.288,0.9687728206,0.3167527616
1.289,0.9315514407,0.4157278836
1.29,0.9007305129,0.4885644913
1.291,0.8787570103,0.5337167382
1.292,0.8694012645,0.5609814525
1.293,0.8671546473,0.5258243084
1.294,0.8709554296,0.4785013199
1.295,0.8944985592,0.4108844995
1.296,0.9242732559,0.2976354361
1.297,0.9628796146,0.1741877645
1.298,1.00217755,0.05299516767
1.299,1.040259112,-0.06648010015
1.3,1.074878017,-0.1573679149
1.301,1.102049547,-0.2174922377
1.302,1.117281426,-0.2586498559
1.303,1.12663589,-0.2481151223
1.304,1.12663589,-0.2194936574
1.305,1.11555823,-0.1714315712
1.306,1.092525711,-0.08967705816
1.307,1.057737895,0.02163736708
1.308,1.021041486,0.1485890895
1.309,0.9805284013,0.270226866
1.31,0.9410761246,0.3786332309
1.311,0.9095629242,0.4701902568
1.312,0.8827270326,0.5297003388
1.313,0.8654158252,0.5607643127
1.314,0.862138218,0.5526812673
1.315,0.8614303772,0.5094920993
1.316,0.8775413816,0.462007314
1.317,0.905408311,0.3627341986
1.318,0.9400297966,0.2378933132
1.319,0.9812361956,0.1031939313
1.32,1.021564627,-0.0206028223
1.321,1.06016891,-0.1192568317
1.322,1.092017977,-0.2001835704
1.323,1.114173518,-0.2532514632
1.324,1.126451263,-0.2698797882
1.325,1.131297719,-0.2541207075
1.326,1.128882185,-0.2091465294
1.327,1.107065311,-0.1470105499
1.328,1.076601252,-0.03661776707
1.329,1.039735976,0.09082600474
1.33,1.00010035,0.2179912627
1.331,0.9597560538,0.3321399987
1.332,0.923073045,0.4387643635
1.333,0.8944985592,0.5143780708
1.334,0.8726942463,0.5535437465
1.335,0.8643848414,0.5572772622
1.336,0.8628152829,0.5301132202
1.337,0.8699244489,0.4811264575
1.338,0.8967605301,0.4047666788
1.339,0.9273968779,0.2828619182
1.34,0.9661724266,0.1612461805
1.341,1.007885988,0.03627661243
1.342,1.046490564,-0.08282220364
1.343,1.081970965,-0.1757674068
1.344,1.109142388,-0.2381880134
1.345,1.126451263,-0.272139132
1.346,1.134067116,-0.2711067796
1.347,1.134067116,-0.2328703851
1.348,1.118835378,-0.183269307
1.349,1.091833346,-0.08567750454
1.35,1.054629884,0.03728113323
1.351,1.017748774,0.1745669544
1.352,0.975866184,0.2859042883
1.353,0.9369215836,0.4080687463
1.354,0.9033310009,0.4937496483
1.355,0.8771874642,0.5557160974
1.356,0.8628152829,0.576697588
1.357,0.8591837501,0.5611076355
1.358,0.8591837501,0.5121779442
1.359,0.8799572505,0.4578286409
1.36,0.9100860971,0.3501506746
1.361,0.9485081129,0.2218751609
1.362,0.9884987646,0.08245816827
1.363,1.030565699,-0.03939276189
1.364,1.070723784,-0.1443850994
1.365,1.103603512,-0.2325814664
1.366,1.124374207,-0.2771053314
1.367,1.136328787,-0.2876539528
1.368,1.137528857,-0.2615479827
1.369,1.132682418,-0.2107053697
1.37,1.108111543,-0.1392243356
1.371,1.07626276,-0.01827296987
1.372,1.036274048,0.1071805358
1.373,0.9942072465,0.2418878376
1.374,0.9519702089,0.3637692034
1.375,0.9126711842,0.4659818113
1.376,0.8830809489,0.5510125756
1.377,0.8642001876,0.5894211531
1.378,0.8558907438,0.5825260282
1.379,0.8546904876,0.5480505824
1.38,0.8649080273,0.4953974783
1.381,0.894329296,0.4083025455
1.382,0.9291202532,0.2817584872
1.383,0.9691113331,0.1444738805
1.384,1.01099408,0.009727392346
1.385,1.052891242,-0.1017720178
1.386,1.088894639,-0.1978635341
1.387,1.117112184,-0.2740919888
1.388,1.134759465,-0.2942529917
1.389,1.139098177,-0.2857021093
1.39,1.139098177,-0.2407744378
1.391,1.121266311,-0.1857884228
1.392,1.092879586,-0.07333219796
1.393,1.053245125,0.05232264474
1.394,1.012732762,0.191170156
1.395,0.9680650214,0.3158631325
1.396,0.9280893057,0.4318047762
1.397,0.8920827096,0.5177006125
1.398,0.8678470981,0.5795188546
1.399,0.8533055757,0.5930776596
1.4,0.8512282059,0.5776711106
1.401,0.8529516536,0.525205195
1.402,0.8770181993,0.4635177255
1.403,0.9109477932,0.3373121321
1.404,0.9509392743,0.2048139423
1.405,0.9936994847,0.06534270942
1.406,1.035750912,-0.06026242301
1.407,1.074524138,-0.165789187
1.408,1.105865222,-0.2485729307
1.409,1.126805132,-0.2915999591
1.41,1.13857507,-0.2909243703
1.411,1.140129004,-0.2640168071
1.412,1.133374767,-0.2143188268
1.413,1.108111543,-0.1371353418
1.414,1.075047264,-0.01187518705
1.415,1.034535389,0.1184311137
1.416,0.9923146791,0.2441656291
1.417,0.9519702089,0.3690501451
1.418,0.9138867893,0.4768183529
1.419,0.8848043664,0.5506276488
1.42,0.8669699937,0.5816149712
1.421,0.857629575,0.5751811266
1.422,0.8572756537,0.5418274999
1.423,0.871832532,0.4909916818
1.424,0.8993456362,0.3796510398
1.425,0.936213772,0.2614542842
1.426,0.9796667383,0.1250708401
1.427,1.020179843,-0.005192997865
1.428,1.061553664,-0.1165270582
1.429,1.094956679,-0.2177216262
1.43,1.121097069,-0.2690952718
1.431,1.135974921,-0.2962970734
1.432,1.139605898,-0.2731925845
1.433,1.138913551,-0.2272904068
1.434,1.117804539,-0.1692154109
1.435,1.08941776,-0.05781523883
1.436,1.049598588,0.07366867363
1.437,1.009793926,0.2065144032
1.438,0.96600317,0.3256478608
1.439,0.9272276177,0.4414947927
1.44,0.894329296,0.5161531568
1.441,0.871832532,0.5718561411
1.442,0.8626460167,0.578030169
1.443,0.859537671,0.5501734614
1.444,0.8652465593,0.5033024549
1.445,0.8906978263,0.4281796515
1.446,0.9239347349,0.2998484075
1.447,0.9621872001,0.1766070276
1.448,1.005639543,0.04801434278
1.449,1.045444297,-0.07227581739
1.45,1.08214021,-0.1766056567
1.451,1.112604176,-0.2484290898
1.452,1.132851659,-0.292317003
1.453,1.141513696,-0.2859368324
1.454,1.143067628,-0.2592009902
1.455,1.131128478,-0.2057386935
1.456,1.104988233,-0.1148924008
1.457,1.068985157,0.008990730159
1.458,1.028657783,0.15010041
1.459,0.9845135873,0.2807204127
1.46,0.9440150718,0.393386513
1.461,0.9078395303,0.4959512651
1.462,0.879434069,0.5578187108
1.463,0.8626460167,0.5894098282
1.464,0.8597069375,0.5766382217
1.465,0.8577988416,0.5306766629
1.466,0.8784030932,0.4781401455
1.467,0.9085165781,0.3593040109
1.468,0.9486773711,0.2345176935
1.469,0.9879756144,0.100976117
1.47,1.031765839,-0.02820391022
1.471,1.070539151,-0.1517763436
1.472,1.103434269,-0.2269254476
1.473,1.128189835,-0.2807570398
1.474,1.139605898,-0.2956809402
1.475,1.142729148,-0.2781556249
1.476,1.139436657,-0.223077625
1.477,1.115896715,-0.1576302946
1.478,1.08214021,-0.03182561696
1.479,1.041982379,0.096659787
1.48,0.998361656,0.2422595322
1.481,0.9538782056,0.3663046062
1.482,0.9144099609,0.4711036682
1.483,0.8856814621,0.5563690662
1.484,0.8649080273,0.5901361704
1.485,0.8564139321,0.5918211937
1.486,0.8555522101,0.5534626245
1.487,0.8674931788,0.5002715588
1.488,0.8958834397,0.4040849209
1.489,0.9305051072,0.2794334292
1.49,0.9743121089,0.1424063295
1.491,1.018102664,0.004374373239
1.492,1.059984276,-0.1153489426
1.493,1.095987531,-0.2149722874
1.494,1.125758911,-0.2772964835
1.495,1.140298244,-0.3071287274
1.496,1.14740632,-0.2938110232
1.497,1.14740632,-0.2524363399
1.498,1.130605369,-0.2007943541
1.499,1.100834068,-0.09736859053
1.5,1.062415288,0.03886815906
1.501,1.020872235,0.1744546145
1.502,0.9798513804,0.3017495275
1.503,0.9379525261,0.4202991426
1.504,0.9023000386,0.5148308873
1.505,0.8758025695,0.5723255277
1.506,0.8597069375,0.5919927359
1.507,0.8564139321,0.5785965323
1.508,0.859537671,0.528906405
1.509,0.8832502132,0.4600659013
1.51,0.9171796904,0.3349580169
1.511,0.9564786172,0.2009079009
1.512,1.001654403,0.06575478613
1.513,1.044413415,-0.07040297985
1.514,1.082324842,-0.1760940552
1.515,1.116942941,-0.2559745312
1.516,1.138913551,-0.3076053262
1.517,1.151206513,-0.3142146468
1.518,1.152760436,-0.2913037539
1.519,1.147052455,-0.2339587659
1.52,1.121435553,-0.1556099206
1.521,1.086125172,-0.02799781412
1.522,1.046659813,0.1064200848
1.523,1.000962004,0.2407844514
1.524,0.9580327076,0.3673197031
1.525,0.9201186764,0.473811537
1.526,0.8872356132,0.5534902811
1.527,0.8666314621,0.5946403742
1.528,0.8565985868,0.6046380997
1.529,0.8565985868,0.5606669188
1.53,0.8680163638,0.5048123598
1.531,0.8983146717,0.4113380313
1.532,0.9348289223,0.2758889496
1.533,0.975866184,0.1337552518
1.534,1.017748774,4.054348028e-05
1.535,1.062753783,-0.1133602336
1.536,1.097372257,-0.216549933
1.537,1.127143615,-0.2797732651
1.538,1.144636943,-0.3090370595
1.539,1.149821828,-0.3006868958
1.54,1.149991068,-0.2577072978
1.541,1.130605369,-0.2052305788
1.542,1.100834068,-0.08511666209
1.543,1.062415288,0.04041664675
1.544,1.021395375,0.1817364246
1.545,0.9756969284,0.3113317192
1.546,0.9344904034,0.4243083298
1.547,0.8988224602,0.5219156146
1.548,0.8751101217,0.5803653598
1.549,0.8600454704,0.5892214775
1.55,0.8583220294,0.5722241998
1.551,0.8616150314,0.5192619562
1.552,0.8842965739,0.4541728199
1.553,0.9183952925,0.3327762783
1.554,0.9564786172,0.1932487786
1.555,0.9994079502,0.05991531536
1.556,1.041643881,-0.07054977119
1.557,1.080940104,-0.1752820313
1.558,1.11226569,-0.2461564541
1.559,1.133036285,-0.2979462147
1.56,1.142375282,-0.2959149182
1.561,1.143252253,-0.2636871338
1.562,1.135282572,-0.2125607282
1.563,1.110696347,-0.1330435723
1.564,1.077124377,-0.01784204878
1.565,1.036797185,0.1189134046
1.566,0.9936994847,0.2495456338
1.567,0.9519702089,0.3781691194
1.568,0.9125019226,0.4751966298
1.569,0.8842965739,0.5519022942
1.57,0.8664621962,0.5823550224
1.571,0.8574603083,0.5792659521
1.572,0.8574603083,0.5429872274
1.573,0.8700937144,0.4900612533
1.574,0.9009151631,0.3923173249
1.575,0.9357059939,0.2650310993
1.576,0.9751737745,0.130328387
1.577,1.017410271,-0.002392813098
1.578,1.057907143,-0.1136031374
1.579,1.092525711,-0.2103525549
1.58,1.118666136,-0.2697042227
1.581,1.134944091,-0.2909815907
1.582,1.13857507,-0.2772715688
1.583,1.13857507,-0.2302940935
1.584,1.117973781,-0.1764445007
1.585,1.089063884,-0.06502248347
1.586,1.051675731,0.06458099186
1.587,1.01099408,0.1889481992
1.588,0.9685881773,0.3175665438
1.589,0.9280893057,0.43152228
1.59,0.8951909996,0.5144595504
1.591,0.8721710627,0.56604141
1.592,0.8600454704,0.5830347538
1.593,0.8586605626,0.5547163486
1.594,0.8631692031,0.503503561
1.595,0.8891282905,0.4333025217
1.596,0.922365228,0.3144230843
1.597,0.9613255284,0.1840959638
1.598,1.003731601,0.04606418684
1.599,1.044751914,-0.08003020287
1.6,1.083524947,-0.1818443388
1.601,1.114342761,-0.2531972528
1.602,1.134944091,-0.3069651723
1.603,1.146360111,-0.3021076024
1.604,1.146698591,-0.2721431553
1.605,1.138051963,-0.2186025977
1.606,1.110188618,-0.1329413354
1.607,1.077124377,-0.007708223537
1.608,1.034535389,0.1247547567
1.609,0.9942072465,0.2577846646
1.61,0.9483388547,0.3803882599
1.611,0.9118094889,0.4854731858
1.612,0.8813421421,0.5569739938
1.613,0.8624767505,0.5985947847
1.614,0.8531209207,0.5891237855
1.615,0.8531209207,0.5535997152
1.616,0.8676778324,0.4992848635
1.617,0.8970990561,0.3968440294
1.618,0.9343211439,0.263895303
1.619,0.9770817468,0.1277399957
1.62,1.01948745,-0.009327643551
1.621,1.061553664,-0.1221265644
1.622,1.095818287,-0.2180477381
1.623,1.12611278,-0.2805597186
1.624,1.139267417,-0.3100555539
1.625,1.145837007,-0.2882779539
1.626,1.145837007,-0.2501133382
1.627,1.12558967,-0.1971394718
1.628,1.095818287,-0.07788092643
1.629,1.054968381,0.05227369443
1.63,1.013594409,0.189704895
1.631,0.969803745,0.3170112669
1.632,0.9260120215,0.4364894927
1.633,0.8931136777,0.5291698575
1.634,0.8676778324,0.5842596292
1.635,0.8534748428,0.59944278
1.636,0.8522591971,0.5788818598
1.637,0.8534748428,0.5232396126
1.638,0.8785723579,0.455584228
1.639,0.9111170549,0.3353163004
1.64,0.9519702089,0.199230805
1.641,0.995945945,0.0603684634
1.642,1.036274048,-0.06381750107
1.643,1.07521651,-0.1646153331
1.644,1.108450029,-0.2438780963
1.645,1.129051427,-0.2937171161
1.646,1.139267417,-0.2957287431
1.647,1.139605898,-0.2664775252
1.648,1.134420983,-0.212509498
1.649,1.107419184,-0.1385281533
1.65,1.072970148,-0.01422962174
1.651,1.032812114,0.118004337
1.652,0.9905759771,0.2581318021
1.653,0.9483388547,0.3769747913
1.654,0.9123326611,0.4744886458
1.655,0.8811728776,0.5510346889
1.656,0.8614303772,0.5851860046
1.657,0.8517360076,0.5850377083
1.658,0.8517360076,0.5537620783
1.659,0.8638616554,0.499704212
1.66,0.8936368553,0.4009978175
1.661,0.9301665874,0.2694988549
1.662,0.9717117229,0.133642748
1.663,1.014471443,0.001626602258
1.664,1.056183891,-0.1158899367
1.665,1.092187221,-0.2132249624
1.666,1.118835378,-0.2714521587
1.667,1.135451813,-0.303950727
1.668,1.14065211,-0.287586391
1.669,1.14065211,-0.2434510887
1.67,1.123158743,-0.1929135919
1.671,1.09391044,-0.08340740949
1.672,1.055306877,0.04499886557
1.673,1.013763661,0.1850379109
1.674,0.9703269004,0.3119648993
1.675,0.9294741605,0.426645726
1.676,0.8939907694,0.5218517184
1.677,0.8699244489,0.5794141293
1.678,0.8555522101,0.5940974951
1.679,0.8522591971,0.5738819242
1.68,0.8569371203,0.5244501829
1.681,0.8806496964,0.4512679577
1.682,0.9119941379,0.3317783773
1.683,0.9531857877,0.1936241984
1.684,0.9961151987,0.05352246389
1.685,1.038351206,-0.06262501329
1.686,1.078170625,-0.1753593832
1.687,1.110357861,-0.2554020584
1.688,1.130436128,-0.2953297496
1.689,1.14065211,-0.2991651893
1.69,1.141513696,-0.2690823674
1.691,1.131820827,-0.2143971771
1.692,1.106896068,-0.1323235482
1.693,1.070369904,-0.004151398316
1.694,1.028657783,0.1319291741
1.695,0.9853906348,0.274002701
1.696,0.9421070647,0.3886777461
1.697,0.9019461261,0.4959894121
1.698,0.8728635116,0.57153368
1.699,0.8527823865,0.6027185917
1.7,0.8453346177,0.6037803292
1.701,0.8453346177,0.5611578226
1.702,0.8605686576,0.5067762136
1.703,0.8910363534,0.4029080272
1.704,0.9294741605,0.268455714
1.705,0.9729272884,0.1250416338
1.706,1.016717877,-0.01209056657
1.707,1.057399399,-0.1309093982
1.708,1.092879586,-0.2217657417
1.709,1.119881603,-0.280597508
1.71,1.134759465,-0.3045705259
1.711,1.138913551,-0.2874265909
1.712,1.136328787,-0.2375676185
1.713,1.114850489,-0.1722166091
1.714,1.080755472,-0.05156370252
1.715,1.041289995,0.08578600734
1.716,0.9978538954,0.2190155685
1.717,0.9540474633,0.3551870286
1.718,0.9135482665,0.46419698
1.719,0.8790955397,0.5486376286
1.72,0.8553829432,0.6020663381
1.721,0.8448114262,0.6075448394
1.722,0.8439496987,0.5781159997
1.723,0.8522591971,0.5236965418
1.724,0.8785723579,0.445951581
1.725,0.9126711842,0.3108485043
1.726,0.9530165299,0.1783161014
1.727,0.9966383466,0.04819438607
1.728,1.038689705,-0.08308525383
1.729,1.078678363,-0.1862753332
1.73,1.106726825,-0.2567946911
1.731,1.127835966,-0.2971090674
1.732,1.136667268,-0.2928065658
1.733,1.136667268,-0.2579084039
1.734,1.123158743,-0.203640759
1.735,1.094956679,-0.1045802906
1.736,1.057568647,0.0265683271
1.737,1.015856231,0.1630429775
1.738,0.9724041338,0.298699975
1.739,0.9311975338,0.4156365693
1.74,0.8927751509,0.5071632862
1.741,0.8654158252,0.58158499
1.742,0.8503510934,0.6069541574
1.743,0.844996082,0.5901052356
1.744,0.8460270768,0.5454069972
1.745,0.8661082767,0.4901961684
1.746,0.8995302865,0.3694137931
1.747,0.9398605376,0.2347438931
1.748,0.9826210097,0.08944844455
1.749,1.024672694,-0.03760601953
1.75,1.064492415,-0.148624748
1.751,1.098587738,-0.2340293974
1.752,1.124035723,-0.2889603078
1.753,1.135974921,-0.3057097495
1.754,1.139098177,-0.2753132284
1.755,1.134590224,-0.2268934697
1.756,1.109834746,-0.1529390961
1.757,1.077293623,-0.02624392696
1.758,1.036443298,0.1066232398
1.759,0.9936994847,0.2402981818
1.76,0.9493851778,0.3735437691
1.761,0.9116402273,0.4800192714
1.762,0.8808189609,0.5537028909
1.763,0.8597069375,0.5921887755
1.764,0.8510589386,0.5995119214
1.765,0.8503510934,0.5609335899
1.766,0.8626460167,0.5066770315
1.767,0.8922519731,0.4068489969
1.768,0.9284278258,0.2758348286
1.769,0.9704961566,0.1423518658
1.77,1.014979199,0.007940975018
1.771,1.057214765,-0.1144827381
1.772,1.08975625,-0.2148220986
1.773,1.117281426,-0.2701442838
1.774,1.133728634,-0.2931499183
1.775,1.138390444,-0.2840429246
1.776,1.138390444,-0.233630687
1.777,1.120743199,-0.1831665337
1.778,1.090279371,-0.06804924458
1.779,1.052891242,0.06018799171
1.78,1.01099408,0.1918269843
1.781,0.9689420769,0.3210876286
1.782,0.9284278258,0.4386568964
1.783,0.8991763734,0.5224756598
1.784,0.8756333045,0.5645948648
1.785,0.8626460167,0.5798075199
1.786,0.8605686576,0.5545848012
1.787,0.8664621962,0.5057977438
1.788,0.8915595316,0.4369789362
1.789,0.9241039954,0.3112922609
1.79,0.9604638563,0.183109805
1.791,1.005808796,0.05525415391
1.792,1.046136679,-0.07059099525
1.793,1.080755472,-0.1713992953
1.794,1.108634658,-0.2343856841
1.795,1.127312856,-0.2781037986
1.796,1.136667268,-0.2755542994
1.797,1.136667268,-0.2384946197
1.798,1.124374207,-0.1873348355
1.799,1.098233864,-0.0951211527
1.8,1.063969287,0.02676379681
1.801,1.024334192,0.1560543478
1.802,0.9826210097,0.282150358
1.803,0.9422763235,0.3970864415
1.804,0.9088704894,0.4851704836
1.805,0.8835887417,0.5485270619
1.806,0.8673239131,0.5713575482
1.807,0.8626460167,0.5622004271
1.808,0.8626460167,0.5175208449
1.809,0.8818653231,0.467251122
1.81,0.9112863165,0.3573182523
1.811,0.9480003383,0.2296870351
1.812,0.9893604234,0.1004768088
1.813,1.032119726,-0.02903698385
1.814,1.069339037,-0.1385641396
1.815,1.099803219,-0.218685329
1.816,1.124897318,-0.263384223
1.817,1.135451813,-0.2808327377
1.818,1.137882723,-0.2553520501
1.819,1.134759465,-0.2071448863
1.82,1.111050218,-0.145047769
1.821,1.078678363,-0.02339648083
1.822,1.040259112,0.1033047289
1.823,0.9997464571,0.2389334291
1.824,0.9575095486,0.357370615
1.825,0.9209803677,0.4561982453
1.826,0.8906978263,0.5325263739
1.827,0.8706168987,0.5765951872
1.828,0.8602301247,0.5848773718
1.829,0.8597069375,0.546199441
1.83,0.8713093481,0.4948843718
1.831,0.8990071106,0.3995247483
1.832,0.9318899602,0.2752420604
1.833,0.9734350561,0.1412506253
1.834,1.013763661,0.01357250847
1.835,1.05444525,-0.08800797164
1.836,1.087863782,-0.188258633
1.837,1.114173518,-0.2465756088
1.838,1.132682418,-0.2798055112
1.839,1.137190376,-0.2706737518
1.84,1.137190376,-0.2276989222
1.841,1.119527733,-0.178677544
1.842,1.089925495,-0.07454989851
1.843,1.054276002,0.05559236184
1.844,1.012378871,0.1847552657
1.845,0.9717117229,0.3159224093
1.846,0.9317207004,0.4246121347
1.847,0.8993456362,0.5110955834
1.848,0.873386695,0.5667577386
1.849,0.8609225782,0.586922884
1.85,0.8567678535,0.5621011853
1.851,0.8609225782,0.5183963776
1.852,0.8820345875,0.4502119124
1.853,0.9142406995,0.3346611857
1.854,0.9540474633,0.2066775858
1.855,0.995422797,0.06975176185
1.856,1.035412412,-0.05624698848
1.857,1.073831767,-0.1541030258
1.858,1.104818989,-0.2309032381
1.859,1.126974373,-0.276917249
1.86,1.135974921,-0.2841461003
1.861,1.137190376,-0.2506917119
1.862,1.128528317,-0.200136587
1.863,1.104649746,-0.1180432886
1.864,1.068646663,0.001005527098
1.865,1.028827034,0.1321347952
1.866,0.9865908044,0.2675260007
1.867,0.9445228476,0.3839280903
1.868,0.9080087923,0.4874226749
1.869,0.8796187213,0.5605472922
1.87,0.8610918445,0.5903201103
1.871,0.8526131194,0.5881748199
1.872,0.8526131194,0.5491628051
1.873,0.8702629799,0.4962640107
1.874,0.8990071106,0.3820466399
1.875,0.9344904034,0.2561571896
1.876,0.9781126664,0.1248679459
1.877,1.017748774,-0.00815773569
1.878,1.05964578,-0.1168548986
1.879,1.094956679,-0.2133767456
1.88,1.121097069,-0.2725013793
1.881,1.135974921,-0.2896941602
1.882,1.14065211,-0.2746770978
1.883,1.14065211,-0.2317283005
1.884,1.120389329,-0.1746023446
1.885,1.088033028,-0.0663042739
1.886,1.052198862,0.06074222922
1.887,1.011178718,0.1989163458
1.888,0.9677265087,0.323397249
1.889,0.9277353982,0.4347075522
1.89,0.8960527027,0.5226538181
1.891,0.871832532,0.5712060928
1.892,0.858845217,0.5911484361
1.893,0.857106387,0.5673597455
1.894,0.8623074843,0.5146468878
1.895,0.8870663493,0.4462455213
1.896,0.9195955065,0.3190743625
1.897,0.9608023704,0.1932376474
1.898,1.003393095,0.05461087823
1.899,1.044936549,-0.07504554838
1.9,1.082324842,-0.1772818714
1.901,1.112788805,-0.2483359128
1.902,1.13580568,-0.2835868895
1.903,1.143590733,-0.2958239019
1.904,1.143759973,-0.2598686516
1.905,1.133897875,-0.2057975829
1.906,1.107419184,-0.1239273697
1.907,1.069154404,0.007626530249
1.908,1.029180922,0.1443458349
1.909,0.9845135873,0.2789376676
1.91,0.9447074933,0.4062696993
1.911,0.9061007472,0.5009386539
1.912,0.8790955397,0.5706096888
1.913,0.8607533118,0.598513782
1.914,0.8557214769,0.5882270932
1.915,0.8557214769,0.5408258438
1.916,0.8740791434,0.4896098673
1.917,0.9052390488,0.3686804175
1.918,0.9438458132,0.2394466698
1.919,0.9857291443,0.1004200354
1.92,1.030565699,-0.02500846051
1.921,1.068477416,-0.1477616876
1.922,1.104295873,-0.2228848785
1.923,1.127312856,-0.287989378
1.924,1.14082135,-0.2960890234
1.925,1.144283078,-0.2767266631
1.926,1.140990591,-0.2261709273
1.927,1.117112184,-0.1576014012
1.928,1.082832579,-0.03347766027
1.929,1.042167015,0.1046508104
1.93,0.9990540567,0.2368047833
1.931,0.9545706233,0.368378818
1.932,0.915271655,0.4865029752
1.933,0.8835887417,0.5530431867
1.934,0.8603993911,0.5994310975
1.935,0.8503510934,0.6043809652
1.936,0.8496740239,0.5728724003
1.937,0.8626460167,0.5189014077
1.938,0.8896514693,0.4177008867
1.939,0.9265198023,0.2953390777
1.94,0.9703269004,0.1520051211
1.941,1.012732762,0.01505192276
1.942,1.056014642,-0.1045130193
1.943,1.094602804,-0.2087077945
1.944,1.121266311,-0.2789039016
1.945,1.139098177,-0.3086183369
1.946,1.145667767,-0.2961906791
1.947,1.145667767,-0.2518970966
1.948,1.12663589,-0.1985899955
1.949,1.095649042,-0.07931473106
1.95,1.056876269,0.05094256625
1.951,1.015333089,0.1890665591
1.952,0.9699730012,0.3198134303
1.953,0.9311975338,0.4382782876
1.954,0.8946678224,0.5277346969
1.955,0.8688780799,0.5913100243
1.956,0.8562446653,0.6059392095
1.957,0.8531209207,0.5808627605
1.958,0.8567678535,0.5298767686
1.959,0.8822038518,0.4609612226
1.96,0.914763871,0.3330559433
1.961,0.9587251237,0.196733743
1.962,1.001131257,0.05473713204
1.963,1.043028648,-0.06905940175
1.964,1.082324842,-0.1786501706
1.965,1.113819647,-0.2554304302
1.966,1.134236357,-0.3003546
1.967,1.144113838,-0.2999770641
1.968,1.144975423,-0.2655210197
1.969,1.13700575,-0.2122622877
1.97,1.110357861,-0.1319058686
1.971,1.074693385,-0.006228763144
1.972,1.034720025,0.1299012452
1.973,0.9910991265,0.2673695982
1.974,0.9485081129,0.3836995363
1.975,0.9128558331,0.4954554141
1.976,0.8825577682,0.5588694811
1.977,0.8647233735,0.5965467691
1.978,0.8577988416,0.5840979815
1.979,0.8577988416,0.5437245369
1.98,0.8742484086,0.4916716218
1.981,0.9062700094,0.3788495064
1.982,0.9419378059,0.2411920577
1.983,0.9846828421,0.108870104
1.984,1.027442255,-0.02096133865
1.985,1.065877166,-0.1325703412
1.986,1.102049547,-0.2192959338
1.987,1.125066559,-0.2786026001
1.988,1.141513696,-0.2877490222
1.989,1.145837007,-0.2793634236
1.99,1.142375282,-0.2346371412
1.991,1.119881603,-0.1674408466
1.992,1.089587005,-0.04727035388
1.993,1.048567709,0.07864074409
1.994,1.008055241,0.2156558484
1.995,0.9656492699,0.3409835398
1.996,0.9256581136,0.4544401765
1.997,0.8948524732,0.5300081372
1.998,0.8721710627,0.5794427991
1.999,0.8610918445,0.590066731
2,0.858845217,0.5593598485
2.001,0.8659390108,0.5088400841
2.002,0.8908670899,0.429610312
2.003,0.9253195929,0.3096583188
2.004,0.9635720289,0.1762154996
2.005,1.007193591,0.04287026078
2.006,1.046998311,-0.07602845132
2.007,1.085094314,-0.1800869256
2.008,1.113819647,-0.252840966
2.009,1.134236357,-0.2882142365
2.01,1.141344456,-0.2868446112
2.011,1.142898388,-0.2482459694
2.012,1.130789995,-0.2000379562
2.013,1.101187942,-0.105653353
2.014,1.066738788,0.02650468983
2.015,1.023457164,0.1581421643
2.016,0.9810515536,0.2898781002
2.017,0.9389834681,0.4082447588
2.018,0.9019461261,0.5125854611
2.019,0.8737252254,0.5759435892
2.02,0.8574603083,0.599108696
2.021,0.8526131194,0.5894914865
2.022,0.8524438522,0.5420158505
2.023,0.8709554296,0.4897244871
2.024,0.9024693011,0.371371448
2.025,0.938814209,0.2487370968
2.026,0.9815747058,0.1097340509
2.027,1.023287913,-0.02788626589
2.028,1.064323168,-0.132061258
2.029,1.097372257,-0.2232453674
2.03,1.123681854,-0.2726475
2.031,1.137713483,-0.2928871214
2.032,1.142375282,-0.277083993
2.033,1.140298244,-0.2322935462
2.034,1.119712361,-0.1729589403
2.035,1.086125172,-0.05967128277
2.036,1.046998311,0.08247184753
2.037,1.005454903,0.2140644193
2.038,0.9639105424,0.343107909
2.039,0.923073045,0.4532666802
2.04,0.8910363534,0.5404776931
2.041,0.8697397956,0.5867894888
2.042,0.857629575,0.5958353877
2.043,0.8545058328,0.561324954
2.044,0.8628152829,0.5154659748
2.045,0.888266584,0.4334948957
2.046,0.9215035373,0.310413897
2.047,0.9614947854,0.1792308688
2.048,1.004777892,0.04043368623
2.049,1.046659813,-0.08038333803
2.05,1.084386561,-0.1820252687
2.051,1.11226569,-0.245386228
2.052,1.131128478,-0.2863197029
2.053,1.14048287,-0.284022361
2.054,1.14048287,-0.2498265952
2.055,1.127835966,-0.1970954388
2.056,1.099972463,-0.1085923687
2.057,1.064138534,0.02627020516
2.058,1.023118661,0.1543106884
2.059,0.9807130433,0.2893169522
2.06,0.9395066324,0.4062418044
2.061,0.9045466123,0.5044239759
2.062,0.8754640395,0.5666803718
2.063,0.8565985868,0.5964615941
2.064,0.8533055757,0.5904836059
2.065,0.8531209207,0.5397452712
2.066,0.872340328,0.4863380492
2.067,0.9028078261,0.3715800047
2.068,0.94175316,0.2444619685
2.069,0.9838211811,0.09812912345
2.07,1.027103754,-0.02951685153
2.071,1.065877166,-0.138541624
2.072,1.098941612,-0.2243776321
2.073,1.120743199,-0.273793757
2.074,1.133036285,-0.2837128341
2.075,1.134067116,-0.2571076751
2.076,1.130959237,-0.2053001225
2.077,1.105680593,-0.1417496502
2.078,1.072970148,-0.0169843547
2.079,1.034720025,0.1149795279
2.08,0.9912683807,0.2431816757
2.081,0.9505853713,0.3698617816
2.082,0.9135482665,0.465742588
2.083,0.8835887417,0.5394387841
2.084,0.8640309215,0.5837876201
2.085,0.8558907438,0.582526803
2.086,0.8553829432,0.5453187823
2.087,0.8669699937,0.4951306283
2.088,0.8953756503,0.4059590399
2.089,0.9299973275,0.2786690295
2.09,0.9713578239,0.1422660649
2.091,1.014809947,0.006740221754
2.092,1.056353139,-0.1060766578
2.093,1.090448615,-0.2023088485
2.094,1.121097069,-0.2614760101
2.095,1.136144161,-0.294981271
2.096,1.141344456,-0.280725807
2.097,1.141344456,-0.2385113835
2.098,1.125420428,-0.1845935732
2.099,1.096341406,-0.07473616302
2.1,1.058953403,0.05255882069
2.101,1.016025483,0.1871454567
2.102,0.9746506205,0.3107338548
2.103,0.933274812,0.4241932034
2.104,0.9003919876,0.5173400044
2.105,0.876325752,0.5735210776
2.106,0.8619535639,0.5839491487
2.107,0.859537671,0.5651559234
2.108,0.862138218,0.5165445209
2.109,0.8853275463,0.4542290568
2.11,0.9190877237,0.3365960121
2.111,0.9544013656,0.2059440017
2.112,0.9966383466,0.07270567864
2.113,1.036443298,-0.04647265002
2.114,1.07366252,-0.1492353678
2.115,1.102741908,-0.2244256586
2.116,1.12282026,-0.263427943
2.117,1.132851659,-0.2669737339
2.118,1.134236357,-0.2384559512
2.119,1.124728076,-0.1913265139
2.12,1.101711059,-0.111239478
2.121,1.067092668,0.006677196827
2.122,1.028996285,0.133042708
2.123,0.9867754458,0.2604647577
2.124,0.9474771764,0.3834986091
2.125,0.9085165781,0.4813304543
2.126,0.8835887417,0.5501032472
2.127,0.8645541075,0.5790191889
2.128,0.8579834962,0.5731337667
2.129,0.8579834962,0.5365151167
2.13,0.8726942463,0.4860085249
2.131,0.9014229509,0.380094558
2.132,0.9372601021,0.2568179965
2.133,0.9784665641,0.1281208843
2.134,1.019302812,-0.006395390257
2.135,1.057045517,-0.1135696471
2.136,1.091310226,-0.1967352033
2.137,1.115204359,-0.2477411181
2.138,1.128020593,-0.2719361484
2.139,1.133728634,-0.2507661283
2.14,1.133036285,-0.2125898898
2.141,1.113819647,-0.1561159939
2.142,1.08404807,-0.05219010264
2.143,1.045444297,0.0783867538
2.144,1.008578385,0.2035838962
2.145,0.9675572523,0.3255020976
2.146,0.9303358473,0.429099381
2.147,0.9012536883,0.505441606
2.148,0.8782338284,0.555352211
2.149,0.8668007279,0.5633823276
2.15,0.8640309215,0.5452356339
2.151,0.8688780799,0.4958278537
2.152,0.8900053842,0.4252880216
2.153,0.9242732559,0.311088264
2.154,0.9606331133,0.1840738952
2.155,1.001823657,0.05970317125
2.156,1.042167015,-0.0566653274
2.157,1.076078127,-0.1532960087
2.158,1.106542196,-0.2295156866
2.159,1.126282022,-0.2625212371
2.16,1.133728634,-0.2695205212
2.161,1.134590224,-0.2356231809
2.162,1.126451263,-0.1844141632
2.163,1.101187942,-0.1108656451
2.164,1.068646663,0.01330367476
2.165,1.029873311,0.141555801
2.166,0.9907452314,0.2635476589
2.167,0.9523241116,0.3725066483
2.168,0.9178721221,0.4685535133
2.169,0.8894822056,0.5308852196
2.17,0.8730327768,0.5644316077
2.171,0.8683548952,0.55789572
2.172,0.8683548952,0.5127474666
2.173,0.8829116846,0.4650345743
2.174,0.9093936624,0.3694602549
2.175,0.9450460103,0.2514383793
2.176,0.9845135873,0.1221346259
2.177,1.024672694,-0.007348042447
2.178,1.060676653,-0.1123438776
2.179,1.094956679,-0.1968359649
2.18,1.117450669,-0.250815779
2.181,1.133205526,-0.2666351497
2.182,1.136667268,-0.2535717785
2.183,1.13580568,-0.2103098333
2.184,1.116065958,-0.1548439711
2.185,1.088725394,-0.04482808337
2.186,1.053414374,0.07504595071
2.187,1.012378871,0.1998845041
2.188,0.9720502349,0.3204689026
2.189,0.9370908429,0.4250951409
2.19,0.9050697866,0.5003971457
2.191,0.8816960586,0.5508192182
2.192,0.8704476332,0.5669360161
2.193,0.8680163638,0.538592279
2.194,0.8732174298,0.4940233827
2.195,0.8955449134,0.4292737544
2.196,0.9267044498,0.3084049821
2.197,0.96600317,0.1862970591
2.198,1.003900854,0.06034728885
2.199,1.043197898,-0.05597534403
2.2,1.078170625,-0.1514604688
2.201,1.107419184,-0.2229305953
2.202,1.126282022,-0.2595915794
2.203,1.134944091,-0.2616167963
2.204,1.13580568,-0.2330161631
2.205,1.125420428,-0.1825415194
2.206,1.102049547,-0.1018060744
2.207,1.069508284,0.008708232082
2.208,1.032119726,0.1378252208
2.209,0.9912683807,0.2622103393
2.21,0.9538782056,0.3715404868
2.211,0.9195955065,0.4648899436
2.212,0.8918980586,0.529594481
2.213,0.8770181993,0.5552847981
2.214,0.8690627333,0.5549595356
2.215,0.8690627333,0.5155159235
2.216,0.8818653231,0.4671143591
2.217,0.9111170549,0.3728995323
2.218,0.9445228476,0.2489563078
2.219,0.9836519262,0.1172270402
2.22,1.023287913,-0.00373633462
2.221,1.060676653,-0.1079116836
2.222,1.092525711,-0.1860556602
2.223,1.11555823,-0.2457210273
2.224,1.129913019,-0.2678347826
2.225,1.134759465,-0.2470708787
2.226,1.134236357,-0.205808565
2.227,1.112958047,-0.1527549177
2.228,1.084217315,-0.03862185031
2.229,1.047706079,0.08015040308
2.23,1.010132431,0.2025449276
2.231,0.9711885679,0.3168044686
2.232,0.9343211439,0.4240625799
2.233,0.9040234379,0.5053998232
2.234,0.8827270326,0.5484874845
2.235,0.8706168987,0.5603377819
2.236,0.8685395486,0.5334921479
2.237,0.873386695,0.4882705808
2.238,0.8951909996,0.4226382375
2.239,0.9289509932,0.3101950884
2.24,0.9627103578,0.1816799045
2.241,1.004254746,0.06192163005
2.242,1.041120746,-0.05429663882
2.243,1.078170625,-0.1510619521
2.244,1.105342106,-0.2183405012
2.245,1.124728076,-0.2539556324
2.246,1.13146696,-0.2585844696
2.247,1.131990068,-0.2222433686
2.248,1.124035723,-0.1751375198
2.249,1.096679894,-0.0952213183
2.25,1.065354038,0.02294351161
2.251,1.024841946,0.1489248574
2.252,0.9857291443,0.2725128233
2.253,0.9480003383,0.3836117983
2.254,0.9119941379,0.4718773663
2.255,0.8861892542,0.537058115
2.256,0.8695705301,0.5672696829
2.257,0.8655850912,0.5549380779
2.258,0.8655850912,0.5125120282
2.259,0.8825577682,0.4650627673
2.26,0.9099014478,0.3619472384
2.261,0.9450460103,0.2388113141
2.262,0.985898399,0.1089188457
2.263,1.027442255,-0.01317155082
2.264,1.062938416,-0.1319343746
2.265,1.09651065,-0.2021702379
2.266,1.119527733,-0.2596431971
2.267,1.134420983,-0.2762720883
2.268,1.136667268,-0.2561818361
2.269,1.134590224,-0.2087794393
2.27,1.112788805,-0.1480391324
2.271,1.081801719,-0.03599984571
2.272,1.045798181,0.08938190341
2.273,1.003731601,0.22104083
2.274,0.962356457,0.3382676244
2.275,0.9254888533,0.4488136768
2.276,0.8929444143,0.5187281966
2.277,0.8726942463,0.5696411729
2.278,0.8617842976,0.5777216554
2.279,0.8610918445,0.5488016009
2.28,0.8681856295,0.4969775081
2.281,0.8926058875,0.4170206785
2.282,0.92687371,0.2998276949
2.283,0.9677265087,0.1705674529
2.284,1.008224494,0.03239006177
2.285,1.048213825,-0.08049064875
2.286,1.084571192,-0.1761036813
2.287,1.113296533,-0.2497688383
2.288,1.130436128,-0.2835003138
2.289,1.13857507,-0.2742704153
2.29,1.139267417,-0.2380943894
2.291,1.126451263,-0.1896685064
2.292,1.099972463,-0.09901899099
2.293,1.06483091,0.02716384456
2.294,1.023641801,0.1612509489
2.295,0.9840058228,0.2836008668
2.296,0.9438458132,0.3979491293
2.297,0.9099014478,0.4927291572
2.298,0.8827270326,0.5441150069
2.299,0.8697397956,0.5749148726
2.3,0.8645541075,0.5528846979
2.301,0.8662929304,0.5143663287
2.302,0.8861892542,0.4590610862
2.303,0.9171796904,0.3416192234
2.304,0.9544013656,0.2194595486
2.305,0.9940379926,0.08558487147
2.306,1.032288976,-0.03341364115
2.307,1.070369904,-0.140754655
2.308,1.101357186,-0.2185874283
2.309,1.123512613,-0.2542950213
2.31,1.133897875,-0.270775944
2.311,1.13580568,-0.2451958954
2.312,1.131820827,-0.1968877017
2.313,1.108450029,-0.1298562884
2.314,1.076955131,-0.009809771553
2.315,1.038351206,0.1119666174
2.316,0.9978538954,0.2444197834
2.317,0.9587251237,0.355337292
2.318,0.921857446,0.4423690438
2.319,0.8931136777,0.5281476974
2.32,0.8751101217,0.5631859303
2.321,0.8683548952,0.5621957779
2.322,0.8666314621,0.5215643644
2.323,0.8785723579,0.4775107503
2.324,0.9045466123,0.3830819726
2.325,0.9375986206,0.2708885968
2.326,0.9770817468,0.141814515
2.327,1.014809947,0.01820721664
2.328,1.053414374,-0.09765120596
2.329,1.08715603,-0.1836484075
2.33,1.113819647,-0.2491149902
2.331,1.130605369,-0.2685531378
2.332,1.13580568,-0.2590877116
2.333,1.13580568,-0.2194900811
2.334,1.119527733,-0.1719095409
2.335,1.092187221,-0.07285847515
2.336,1.057214765,0.05411120504
2.337,1.020010591,0.1777029037
2.338,0.9788050748,0.299734354
2.339,0.9396912786,0.40028584
2.34,0.909732186,0.4892375767
2.341,0.8856814621,0.5386552811
2.342,0.8728635116,0.5618895292
2.343,0.8683548952,0.5369297862
2.344,0.8709554296,0.497346133
2.345,0.8920827096,0.4336090684
2.346,0.9221959673,0.3287488818
2.347,0.9594175395,0.1973587871
2.348,0.9976692551,0.06901381165
2.349,1.035750912,-0.03881189972
2.35,1.07124691,-0.1391746551
2.351,1.102049547,-0.2140280902
2.352,1.12282026,-0.2547644675
2.353,1.133036285,-0.2667599022
2.354,1.134420983,-0.2368488759
2.355,1.129051427,-0.1901759952
2.356,1.105680593,-0.1225226671
2.357,1.07366252,-0.005361618474
2.358,1.038520456,0.112068668
2.359,0.9988848032,0.2367754728
2.36,0.9578634503,0.3562001288
2.361,0.920811107,0.4544894695
2.362,0.8931136777,0.5177827477
2.363,0.873386695,0.5587339401
2.364,0.8671546473,0.559291482
2.365,0.8668007279,0.5239343047
2.366,0.8782338284,0.4737626612
2.367,0.9040234379,0.3844923675
2.368,0.9369215836,0.2634691298
2.369,0.9772510023,0.1417610198
2.37,1.015502341,0.009191703983
2.371,1.053245125,-0.09346670657
2.372,1.087340661,-0.1882001609
2.373,1.111742576,-0.2379377186
2.374,1.127143615,-0.2657499015
2.375,1.133374767,-0.2553189695
2.376,1.133374767,-0.2160885185
2.377,1.117619911,-0.1690861285
2.378,1.090110126,-0.06555203348
2.379,1.053414374,0.05118662864
2.38,1.01514845,0.1798578054
2.381,0.9734350561,0.3026925921
2.382,0.9372601021,0.4095255136
2.383,0.9033310009,0.5011968017
2.384,0.8784030932,0.5503500104
2.385,0.8647233735,0.5727943778
2.386,0.8623074843,0.5523452759
2.387,0.8640309215,0.5052425265
2.388,0.8861892542,0.446906507
2.389,0.9149331324,0.3339174986
2.39,0.951800951,0.2145232707
2.391,0.9921300382,0.08009698242
2.392,1.032981364,-0.0405334048
2.393,1.07175465,-0.1418851316
2.394,1.101003312,-0.2221759558
2.395,1.122297148,-0.2691886723
2.396,1.133559393,-0.2755730152
2.397,1.134420983,-0.2486036271
2.398,1.128882185,-0.1985001415
2.399,1.105342106,-0.127157256
2.4,1.071585403,-0.01010232046
2.401,1.031765839,0.1215065718
2.402,0.9914376349,0.2592484951
2.403,0.9516316931,0.3652874529
2.404,0.9156255649,0.4623671174
2.405,0.8854968104,0.539645195
2.406,0.8661082767,0.5783344507
2.407,0.8597069375,0.5730960369
2.408,0.8590144836,0.5334647298
2.409,0.8700937144,0.484880358
2.41,0.8991763734,0.3939242363
2.411,0.9372601021,0.2652470469
2.412,0.9767278488,0.1361967623
2.413,1.016363987,0.003621772397
2.414,1.058261025,-0.1123805195
2.415,1.091833346,-0.2057624757
2.416,1.120743199,-0.264125675
2.417,1.134067116,-0.2924279571
2.418,1.139267417,-0.2733861208
2.419,1.139267417,-0.2308117598
2.42,1.119004621,-0.1818636358
2.421,1.088540763,-0.06474440545
2.422,1.051337234,0.06559047848
2.423,1.01031707,0.1988966763
2.424,0.9687728206,0.3206043243
2.425,0.9286124732,0.4337535501
2.426,0.8979607584,0.5207637548
2.427,0.872340328,0.5677910447
2.428,0.8612611109,0.5837523341
2.429,0.858845217,0.5605908036
2.43,0.8626460167,0.5080633759
2.431,0.8842965739,0.4440446794
2.432,0.9183952925,0.3270839453
2.433,0.9563093598,0.1922050267
2.434,1.00010035,0.05576121435
2.435,1.038181956,-0.06238526478
2.436,1.07626276,-0.1603422612
2.437,1.104818989,-0.2349012494
2.438,1.125251187,-0.2700968087
2.439,1.133897875,-0.2769216597
2.44,1.135621054,-0.2448666245
2.441,1.127666725,-0.1945969164
2.442,1.101003312,-0.1111756191
2.443,1.065000157,0.008559172042
2.444,1.028134645,0.1440432221
2.445,0.9872832095,0.2613836527
2.446,0.946784756,0.3771737516
2.447,0.9112863165,0.4794216454
2.448,0.8839426578,0.5425315499
2.449,0.8688780799,0.5708010793
2.45,0.8624767505,0.5605475307
2.451,0.8624767505,0.5207269788
2.452,0.8799572505,0.4695702195
2.453,0.9099014478,0.362600714
2.454,0.9440150718,0.2348950952
2.455,0.9860676537,0.1090075672
2.456,1.026057475,-0.02149768546
2.457,1.064323168,-0.1261950135
2.458,1.09651065,-0.2073619664
2.459,1.118835378,-0.2603080869
2.46,1.132851659,-0.2730118334
2.461,1.133897875,-0.2563099563
2.462,1.13146696,-0.2035462558
2.463,1.107588427,-0.1481081098
2.464,1.078509117,-0.02325413562
2.465,1.040597611,0.1003414392
2.466,1.002346803,0.2273682356
2.467,0.9609716274,0.3390647769
2.468,0.9235808266,0.4446178973
2.469,0.8944985592,0.5252093673
2.47,0.873386695,0.5625988245
2.471,0.8635231232,0.5693207383
2.472,0.8609225782,0.544197619
2.473,0.8704476332,0.492949158
2.474,0.8939907694,0.4112690687
2.475,0.9305051072,0.2950026989
2.476,0.9661724266,0.1604528129
2.477,1.009793926,0.03066593781
2.478,1.051506482,-0.08589495718
2.479,1.088033028,-0.1836105585
2.48,1.115373602,-0.2539563179
2.481,1.13580568,-0.2902032733
2.482,1.143590733,-0.2861384153
2.483,1.143590733,-0.2513562441
2.484,1.132174695,-0.1990948021
2.485,1.105865222,-0.1060891971
2.486,1.070200657,0.01457689516
2.487,1.031427338,0.1491369903
2.488,0.9910991265,0.2741703093
2.489,0.9514470481,0.3812825978
2.49,0.9204725854,0.473099649
2.491,0.8922519731,0.5358435512
2.492,0.8782338284,0.5563463569
2.493,0.8747715916,0.5420748591
2.494,0.8747715916,0.4980685413
2.495,0.8944985592,0.4433533549
2.496,0.9239347349,0.3431304097
2.497,0.9604638563,0.2118140757
2.498,0.9988848032,0.07779211551
2.499,1.03748957,-0.03567491472
2.5,1.075908881,-0.1327790022
2.501,1.106372952,-0.2186798006
2.502,1.127835966,-0.2611681819
2.503,1.140129004,-0.2752896249
2.504,1.142544522,-0.2528518736
2.505,1.139605898,-0.2063517421
2.506,1.116589071,-0.1409482062
2.507,1.087340661,-0.02877726592
2.508,1.049090842,0.09462495148
2.509,1.009440035,0.2193717659
2.51,0.9685881773,0.3384594321
2.511,0.9327670331,0.4404132068
2.512,0.9026385636,0.5069386363
2.513,0.8835887417,0.5551608205
2.514,0.8749408567,0.5523685813
2.515,0.8749408567,0.5196194649
2.516,0.8853275463,0.4688230157
2.517,0.9090397512,0.3859621286
2.518,0.9429687456,0.269505173
2.519,0.9791435855,0.1438038647
2.52,1.021395375,0.02081695944
2.521,1.059122651,-0.09680447727
2.522,1.092187221,-0.1850018948
2.523,1.119527733,-0.2481160015
2.524,1.134944091,-0.2802214324
2.525,1.14065211,-0.2614633441
2.526,1.14065211,-0.2251840532
2.527,1.124897318,-0.1778715253
2.528,1.096679894,-0.07766534388
2.529,1.062061406,0.04703399166
2.53,1.021564627,0.1725182533
2.531,0.9832980296,0.2927158177
2.532,0.9466154976,0.3974698186
2.533,0.9138867893,0.4826633632
2.534,0.8903439115,0.5326945782
2.535,0.8758025695,0.5502873659
2.536,0.872340328,0.540037632
2.537,0.873386695,0.4919700325
2.538,0.8946678224,0.435459733
2.539,0.9235808266,0.3306605518
2.54,0.9595867967,0.2000180781
2.541,0.9981924025,0.07275293022
2.542,1.038689705,-0.04288903624
2.543,1.073493274,-0.1414132267
2.544,1.104988233,-0.2172448188
2.545,1.12663589,-0.2620793879
2.546,1.135974921,-0.2736611366
2.547,1.137528857,-0.2434010208
2.548,1.132174695,-0.1971281916
2.549,1.108280786,-0.1227313951
2.55,1.074693385,-0.0112528801
2.551,1.03765882,0.1166292056
2.552,0.9968076003,0.2460820824
2.553,0.9594175395,0.3617630005
2.554,0.9201186764,0.4477204382
2.555,0.8929444143,0.5240686536
2.556,0.8726942463,0.5649122596
2.557,0.8662929304,0.5627577901
2.558,0.8650772933,0.5263282657
2.559,0.8758025695,0.4758408964
2.56,0.9029770885,0.3939441741
2.561,0.9375986206,0.2645698488
2.562,0.9768971044,0.1391480565
2.563,1.017056381,0.003340822877
2.564,1.056353139,-0.1043587402
2.565,1.091140981,-0.2001944333
2.566,1.115373602,-0.2567965686
2.567,1.13146696,-0.2778323591
2.568,1.138390444,-0.2714658976
2.569,1.137882723,-0.2307723761
2.57,1.120743199,-0.1807556599
2.571,1.090633246,-0.06786394119
2.572,1.054799133,0.05594468862
2.573,1.016025483,0.1878039837
2.574,0.9743121089,0.3067569137
2.575,0.9370908429,0.4121202528
2.576,0.9048851368,0.4956909716
2.577,0.8801419028,0.5447488427
2.578,0.8687088143,0.5654890537
2.579,0.8662929304,0.5390140414
2.58,0.8690627333,0.4922556877
2.581,0.8910363534,0.4328657091
2.582,0.9244579036,0.311164856
2.583,0.9625257139,0.1841951758
2.584,1.000962004,0.05831300467
2.585,1.041120746,-0.06234381348
2.586,1.078509117,-0.1629948467
2.587,1.108634658,-0.234010905
2.588,1.128528317,-0.2756285071
2.589,1.139436657,-0.2823925018
2.59,1.14082135,-0.2526885867
2.591,1.13580568,-0.2052561343
2.592,1.108111543,-0.1331406087
2.593,1.07626276,-0.01374985743
2.594,1.038351206,0.1205907017
2.595,0.9964690929,0.2423083484
2.596,0.9549245255,0.3661712408
2.597,0.9178721221,0.4611749053
2.598,0.8910363534,0.5306246877
2.599,0.8714786135,0.5709636211
2.6,0.8649080273,0.5661843419
2.601,0.8642001876,0.5245171189
2.602,0.8785723579,0.476089865
2.603,0.9074856188,0.3779325187
2.604,0.9426302282,0.2458520234
2.605,0.9843443325,0.1169149801
2.606,1.02294941,-0.01370511018
2.607,1.060845901,-0.1210048795
2.608,1.095464412,-0.201093927
2.609,1.119358491,-0.25713709
2.61,1.132682418,-0.2803927362
2.611,1.136667268,-0.2639603019
2.612,1.134067116,-0.2176730931
2.613,1.113296533,-0.1554276347
2.614,1.083355702,-0.04654400423
2.615,1.04422878,0.08323656768
2.616,1.004777892,0.2141017467
2.617,0.962356457,0.3350773156
2.618,0.9235808266,0.4397495091
2.619,0.8939907694,0.529507637
2.62,0.8702629799,0.5624126196
2.621,0.8590144836,0.5827953815
2.622,0.857629575,0.5485288501
2.623,0.8650772933,0.4986159503
2.624,0.8889590268,0.4226133525
2.625,0.9201186764,0.2956957817
2.626,0.9620179432,0.1750368178
2.627,1.002869949,0.04499398172
2.628,1.041982379,-0.07929701358
2.629,1.077124377,-0.1728001237
2.63,1.108111543,-0.2411160767
2.631,1.123866482,-0.2810417116
2.632,1.130266886,-0.2715350688
2.633,1.130959237,-0.2318875492
2.634,1.121435553,-0.1845888048
2.635,1.093741195,-0.09621411562
2.636,1.057737895,0.02710741758
2.637,1.020687597,0.1552510858
2.638,0.9796667383,0.2791930139
2.639,0.9391681143,0.3907936513
2.64,0.9057468354,0.482067585
2.641,0.8784030932,0.5481141806
2.642,0.8628152829,0.5728127956
2.643,0.8560753985,0.565936327
2.644,0.8560753985,0.5215970278
2.645,0.8766642819,0.4618683159
2.646,0.9036849131,0.3562959731
2.647,0.9401990556,0.2348333001
2.648,0.9814054507,0.09528337419
2.649,1.022780159,-0.02010241151
2.65,1.062061406,-0.1347181648
2.651,1.092187221,-0.2130322158
2.652,1.114342761,-0.2644820809
2.653,1.127835966,-0.2770994604
2.654,1.128020593,-0.252358526
2.655,1.124543449,-0.1993002594
2.656,1.101187942,-0.1348591298
2.657,1.07089303,-0.01761106029
2.658,1.032473613,0.1066044271
2.659,0.9904067228,0.2341605425
2.66,0.9493851778,0.3561866581
2.661,0.9126711842,0.4552996457
2.662,0.8844658381,0.5328842998
2.663,0.8654158252,0.5726584792
2.664,0.857106387,0.5659404993
2.665,0.8553829432,0.5316152573
2.666,0.8673239131,0.4864414632
2.667,0.8929444143,0.4008210599
2.668,0.92687371,0.2710208893
2.669,0.9666801961,0.1441695839
2.67,1.009963179,0.01777813584
2.671,1.048736958,-0.09729904681
2.672,1.083524947,-0.1919549108
2.673,1.109834746,-0.2526683807
2.674,1.12558967,-0.282204181
2.675,1.131990068,-0.2667914927
2.676,1.131990068,-0.2279954702
2.677,1.115035117,-0.1789956838
2.678,1.086817539,-0.07259614766
2.679,1.050644853,0.05142224953
2.68,1.009793926,0.183182314
2.681,0.9696344888,0.3120698035
2.682,0.9306743671,0.4122165442
2.683,0.8979607584,0.501111865
2.684,0.8728635116,0.5535976887
2.685,0.8614303772,0.57263273
2.686,0.858491296,0.5491990447
2.687,0.8602301247,0.5039517283
2.688,0.8806496964,0.4474625885
2.689,0.9123326611,0.3351378143
2.69,0.9495544359,0.2042842954
2.691,0.9907452314,0.0771517083
2.692,1.030042561,-0.04637845233
2.693,1.06483091,-0.139332816
2.694,1.096341406,-0.2121277153
2.695,1.117973781,-0.2627351582
2.696,1.126974373,-0.2665731907
2.697,1.128020593,-0.2382273674
2.698,1.120912441,-0.1901524067
2.699,1.099803219,-0.1173950732
2.7,1.069154404,0.001982739195
2.701,1.027796143,0.1148059964
2.702,0.9886680191,0.2535190284
2.703,0.9490312745,0.35968104
2.704,0.915271655,0.458971411
2.705,0.8880973202,0.5217535496
2.706,0.8721710627,0.5542203188
2.707,0.8657697449,0.5514286757
2.708,0.8657697449,0.5095751286
2.709,0.8813421421,0.4619852304
2.71,0.9066239211,0.3598452806
2.711,0.9431380043,0.2469671816
2.712,0.9838211811,0.1068944409
2.713,1.022595521,-0.01493476052
2.714,1.060676653,-0.1218567416
2.715,1.093218075,-0.2025665194
2.716,1.118143024,-0.2532607317
2.717,1.129220668,-0.2743447423
2.718,1.132174695,-0.2496241182
2.719,1.129913019,-0.205103457
2.72,1.10775767,-0.1424149722
2.721,1.075739635,-0.03133800253
2.722,1.039905226,0.09530074894
2.723,0.9981924025,0.2216343731
2.724,0.9588943809,0.3416941464
2.725,0.9225498759,0.4470349848
2.726,0.8939907694,0.5180618167
2.727,0.8716478789,0.558848381
2.728,0.8612611109,0.5647705197
2.729,0.8607533118,0.5409490466
2.73,0.8706168987,0.4882840514
2.731,0.8951909996,0.4068750739
2.732,0.9272276177,0.2893794775
2.733,0.9677265087,0.1633086503
2.734,1.007362844,0.03278438002
2.735,1.048906207,-0.08131282777
2.736,1.080232349,-0.1805995554
2.737,1.110880976,-0.2375466377
2.738,1.126974373,-0.282977283
2.739,1.135451813,-0.268358171
2.74,1.135451813,-0.2352908701
2.741,1.121435553,-0.1851343215
2.742,1.094079684,-0.08775891364
2.743,1.060507405,0.03046695702
2.744,1.020179843,0.1593259722
2.745,0.9796667383,0.282194674
2.746,0.9389834681,0.3981297314
2.747,0.905408311,0.4936206937
2.748,0.8811728776,0.5550566912
2.749,0.8668007279,0.5710043907
2.75,0.8628152829,0.5512530804
2.751,0.8643848414,0.5082705617
2.752,0.8860199902,0.4479559958
2.753,0.9159640874,0.3390372694
2.754,0.9533550454,0.2055467665
2.755,0.993176336,0.07931198925
2.756,1.033150614,-0.03595377505
2.757,1.070539151,-0.1407482326
2.758,1.098233864,-0.2170612514
2.759,1.118143024,-0.2574951649
2.76,1.127497483,-0.2646276057
2.761,1.130789995,-0.2298722118
2.762,1.12282026,-0.1900134385
2.763,1.097726132,-0.1125818193
2.764,1.066384907,0.006360523403
2.765,1.028657783,0.1291702837
2.766,0.9860676537,0.2570526898
2.767,0.9492005326,0.3752869368
2.768,0.9126711842,0.4657151699
2.769,0.8846351022,0.5322207808
2.77,0.8688780799,0.5689478517
2.771,0.8614303772,0.5576204062
2.772,0.8614303772,0.5213004351
2.773,0.8761564871,0.4722837508
2.774,0.9043619625,0.3704518378
2.775,0.938814209,0.2473618239
2.776,0.9796667383,0.1173756942
2.777,1.020518345,-0.003224089509
2.778,1.061553664,-0.116143018
2.779,1.094602804,-0.2059513479
2.78,1.120220087,-0.2638370097
2.781,1.134420983,-0.2870776653
2.782,1.138221204,-0.2698868513
2.783,1.138221204,-0.2233191282
2.784,1.118496894,-0.1757212877
2.785,1.087340661,-0.06099198014
2.786,1.049952472,0.06476086378
2.787,1.010655575,0.2023223341
2.788,0.9689420769,0.3217304647
2.789,0.9282585657,0.4293637872
2.79,0.8957141765,0.524042964
2.791,0.8735559602,0.570845902
2.792,0.8600454704,0.5775000453
2.793,0.8591837501,0.5579271913
2.794,0.8640309215,0.5051921606
2.795,0.8868816978,0.4350751936
2.796,0.9203033246,0.3125179708
2.797,0.9597560538,0.1870266497
2.798,1.000269604,0.05576741323
2.799,1.040951496,-0.06941261888
2.8,1.077124377,-0.1624120176
2.801,1.105511349,-0.2377908379
2.802,1.125251187,-0.2721599638
2.803,1.134759465,-0.2752346396
2.804,1.134759465,-0.2425836921
2.805,1.124374207,-0.1908972263
2.806,1.099280101,-0.1124751493
2.807,1.062938416,0.01458316483
2.808,1.024334192,0.1463331729
2.809,0.9815747058,0.2792633772
2.81,0.9396912786,0.3938276172
2.811,0.9057468354,0.4930544496
2.812,0.8790955397,0.558068037
2.813,0.8617842976,0.5836522579
2.814,0.8567678535,0.5735942721
2.815,0.8567678535,0.5265782475
2.816,0.8752793867,0.4750252366
2.817,0.9050697866,0.3666238487
2.818,0.9424609694,0.2365764976
2.819,0.9843443325,0.09713736176
2.82,1.026934503,-0.03351088241
2.821,1.064661663,-0.1369440407
2.822,1.098233864,-0.2241975218
2.823,1.122651018,-0.271715343
2.824,1.135113332,-0.2860102057
2.825,1.137528857,-0.2653058469
2.826,1.135282572,-0.2161548883
2.827,1.112958047,-0.1552509516
2.828,1.081801719,-0.04123829678
2.829,1.043197898,0.09058354795
2.83,1.000962004,0.2204157561
2.831,0.9595867967,0.34670946
2.832,0.920811107,0.455026865
2.833,0.8900053842,0.5312697887
2.834,0.8694012645,0.5707599521
2.835,0.859537671,0.5840439796
2.836,0.8574603083,0.5522085428
2.837,0.8661082767,0.5004140139
2.838,0.8918980586,0.4159711003
2.839,0.9254888533,0.2952570617
2.84,0.967034096,0.15816921
2.841,1.008932277,0.03066760115
2.842,1.050475604,-0.09145242721
2.843,1.086479049,-0.1825731248
2.844,1.1162352,-0.2544703484
2.845,1.133728634,-0.2880547345
2.846,1.139098177,-0.2837642431
2.847,1.140298244,-0.2421019673
2.848,1.126451263,-0.1948257387
2.849,1.098587738,-0.09863603115
2.85,1.064323168,0.02250859514
2.851,1.023641801,0.1560800672
2.852,0.9820978578,0.2861147225
2.853,0.9434919088,0.4019339383
2.854,0.9076548808,0.4914342463
2.855,0.8808189609,0.5536081791
2.856,0.8666314621,0.575805068
2.857,0.862138218,0.5659279227
2.858,0.862138218,0.5172590017
2.859,0.8813421421,0.4625147581
2.86,0.9111170549,0.3538799882
2.861,0.9471232727,0.2267506123
2.862,0.989191169,0.09608158469
2.863,1.027611506,-0.03221071139
2.864,1.06656954,-0.1315455884
2.865,1.099972463,-0.2154971212
2.866,1.123343371,-0.2722405195
2.867,1.135974921,-0.2807883024
2.868,1.137882723,-0.2635699213
2.869,1.135451813,-0.2111838013
2.87,1.111219461,-0.1518355459
2.871,1.080416981,-0.03001280874
2.872,1.041289995,0.09477373958
2.873,1.002685309,0.2299830168
2.874,0.9604638563,0.3457597792
2.875,0.9234115661,0.4514748752
2.876,0.8912210046,0.5299142599
2.877,0.8720017974,0.5679249763
2.878,0.8624767505,0.5775036216
2.879,0.8617842976,0.5425146222
2.88,0.8709554296,0.4895757139
2.881,0.8993456362,0.4058009088
2.882,0.9318899602,0.27417925
2.883,0.9710193118,0.1545796543
2.884,1.010132431,0.02308820002
2.885,1.052368111,-0.08843187988
2.886,1.086125172,-0.1853470504
2.887,1.114850489,-0.2514895201
2.888,1.131820827,-0.2825865149
2.889,1.138744311,-0.2716327012
2.89,1.138744311,-0.2368525118
2.891,1.123866482,-0.1841363162
2.892,1.097556887,-0.08282784373
2.893,1.062230654,0.03338959813
2.894,1.020179843,0.1648480147
2.895,0.9815747058,0.2915780544
2.896,0.9433226501,0.3974242508
2.897,0.9106092698,0.4842398465
2.898,0.8865431698,0.5379162431
2.899,0.8726942463,0.5573925376
2.9,0.8699244489,0.5440365076
2.901,0.8714786135,0.4958233535
2.902,0.893282941,0.4362530112
2.903,0.9227191365,0.3279016912
2.904,0.9578634503,0.2020260543
2.905,0.9980231489,0.07634308934
2.906,1.036627935,-0.04191877693
2.907,1.072447022,-0.1396979243
2.908,1.100326336,-0.210044235
2.909,1.120573957,-0.2535460591
2.91,1.13146696,-0.2564987242
2.911,1.132513177,-0.2355828732
2.912,1.125251187,-0.1858843863
2.913,1.104126629,-0.114827536
2.914,1.07175465,-0.008450192399
2.915,1.035581662,0.1208827272
2.916,0.9950842893,0.2407884151
2.917,0.9597560538,0.3572164774
2.918,0.9241039954,0.4492359757
2.919,0.8962373534,0.5081556439
2.92,0.8782338284,0.5430105329
2.921,0.8707861641,0.5472427607
2.922,0.8706168987,0.5099543929
2.923,0.8804804319,0.4620518386
2.924,0.9061007472,0.3807804585
2.925,0.9395066324,0.2550810575
2.926,0.9770817468,0.1368589103
2.927,1.016717877,0.01635108888
2.928,1.055306877,-0.09284666181
2.929,1.086294418,-0.1801204383
2.93,1.111050218,-0.2402220517
2.931,1.127666725,-0.2614069879
2.932,1.132513177,-0.2524423301
2.933,1.132513177,-0.213734746
2.934,1.118496894,-0.1672817022
2.935,1.090802491,-0.06706529111
2.936,1.056691635,0.05374801159
2.937,1.017748774,0.1710750759
2.938,0.977943411,0.2951155603
2.939,0.9400297966,0.3972518444
2.94,0.9093936624,0.4797078967
2.941,0.8863585182,0.533831954
2.942,0.872340328,0.5517088771
2.943,0.8685395486,0.5392149687
2.944,0.8694012645,0.4939948022
2.945,0.8927751509,0.4351967573
2.946,0.9199494156,0.3278563619
2.947,0.9568171321,0.2065896243
2.948,0.995422797,0.0782334581
2.949,1.035412412,-0.03814246878
2.95,1.071585403,-0.1391807795
2.951,1.102911152,-0.2188944072
2.952,1.122989501,-0.2664458156
2.953,1.134944091,-0.2738428414
2.954,1.136328787,-0.2473834902
2.955,1.131820827,-0.1994989514
2.956,1.107419184,-0.1314889938
2.957,1.075570389,-0.0114771463
2.958,1.038689705,0.1103378311
2.959,0.9981924025,0.2354299724
2.96,0.9557862003,0.3519325554
2.961,0.9201186764,0.4560869634
2.962,0.8926058875,0.5235100985
2.963,0.8720017974,0.5585609674
2.964,0.8654158252,0.5639098883
2.965,0.8654158252,0.5239374638
2.966,0.876325752,0.4734770954
2.967,0.9031617384,0.3828268051
2.968,0.9369215836,0.266307652
2.969,0.9768971044,0.1361579746
2.97,1.017410271,0.01555957273
2.971,1.054968381,-0.1020633206
2.972,1.087863782,-0.1868295521
2.973,1.115204359,-0.2443886548
2.974,1.129220668,-0.2738758326
2.975,1.134590224,-0.2605489492
2.976,1.134420983,-0.2202990353
2.977,1.115373602,-0.1707805842
2.978,1.088202273,-0.05975791439
2.979,1.052368111,0.05563672259
2.98,1.011517223,0.1869115233
2.981,0.9722194909,0.309749037
2.982,0.9344904034,0.4113839865
2.983,0.9026385636,0.5003670454
2.984,0.8790955397,0.5432559252
2.985,0.8664621962,0.5606783628
2.986,0.8642001876,0.5451700091
2.987,0.8681856295,0.4949465394
2.988,0.8905131751,0.4286133945
2.989,0.921857446,0.3193657398
2.99,0.9606331133,0.1911443919
2.991,1.001131257,0.05723086372
2.992,1.041120746,-0.06486667693
2.993,1.076078127,-0.1592983305
2.994,1.106726825,-0.2307961136
2.995,1.125928153,-0.2743401527
2.996,1.135113332,-0.2757505476
2.997,1.136667268,-0.2421927899
2.998,1.129405295,-0.1957280785
2.999,1.102388035,-0.1181412041
3,1.070200657,0.001806333428
3.001,1.028488533,0.1308347732
3.002,0.9897143189,0.2666679919
3.003,0.9486773711,0.3735237122
3.004,0.9106092698,0.47512272
3.005,0.8746023265,0
3.006,0.8451653499,0
3.007,0.8091571076,0
3.008,0.773502089,0
3.009,0.7362767029,0
3.01,0.6947261781,0
3.011,0.6550676258,0
3.012,0.6130073793,0
3.013,0.5702382082,0
3.014,0.5262521711,0
3.015,0.4829730626,0
3.016,0.4398622347,0
3.017,0.3967503907,0
3.018,0.3518982194,0
3.019,0.3113702447,0
3.02,0.2701640898,0
3.021,0.2301576773,0
3.022,0.189981065,0
3.023,0.1532671859,0
3.024,0.1172453094,0
3.025,0.08382438264,0
3.026,0.05229639345,0
3.027,0.02475514527,0
3.028,-0.001385558989,0
3.029,-0.02512496457,0
3.03,-0.04452314903,0
3.031,-0.06218183216,0
3.032,-0.07620728836,0
3.033,-0.08833916287,0
3.034,-0.09682228485,0
3.035,-0.1020107108,0
3.036,-0.1039198088,0
3.037,-0.1046126272,0
3.038,-0.1046126272,0
3.039,-0.09751510052,0
3.04,-0.08815441291,0
3.041,-0.07465232035,0
3.042,-0.05699351804,0
3.043,-0.04209066711,0
3.044,-0.01975201142,0
3.045,0.0003386920392,0
3.046,0.0214760313,0
3.047,0.04276707575,0
