mcu_time_s,raw_angle_derived_rpm,control_feedback_rpm,iq_target_A,reference_rpm
0,-4.138097932,-7.006492322e-44,2,1000
0.001,14.76252062,0.7770094275,2,1000
0.002,33.01335502,3.543190479,2,1000
0.003,50.61440526,9.213544846,2,1000
0.004,67.56567136,17.21327591,2,1000
0.005,83.86715331,26.97669983,2,1000
0.006,99.51885111,38.10441971,2,1000
0.007,114.5207648,50.45057297,2,1000
0.008,128.8728943,63.67683029,2,1000
0.009,142.5752396,77.71130371,2,1000
0.01,155.6278008,91.34978485,2,1000
0.011,168.1313552,104.2148972,2,1000
0.012,179.8687398,116.112793,2,1000
0.013,190.6189384,127.1704178,2,1000
0.014,200.3829777,137.921875,2,1000
0.015,209.4793677,148.7208557,2,1000
0.016,218.3261315,160.292984,2,1000
0.017,227.0213702,172.8381348,2,1000
0.018,235.1761535,185.1716461,2,1000
0.019,242.2676363,195.9314117,2,1000
0.02,248.027182,204.2815094,2,1000
0.021,252.6554957,210.6758575,2,1000
0.022,256.6654336,216.686142,2,1000
0.023,260.3598954,224.1940155,2,1000
0.024,263.7853231,232.586441,2,1000
0.025,267.0719827,240.0011139,2,1000
0.026,270.8927056,245.1759491,2,1000
0.027,276.2172902,248.0993195,2,1000
0.028,283.0082902,251.1138306,2,1000
0.029,290.5121707,256.2954712,2,1000
0.03,298.7587365,263.2113647,2,1000
0.031,308.8013391,270.5835571,2,1000
0.032,320.8210229,276.6261597,2,1000
0.033,333.7902783,282.0596924,2,1000
0.034,346.7904927,289.6605225,2,1000
0.035,359.7314541,300.8434448,2,1000
0.036,372.1119783,314.0403748,2,1000
0.037,383.1977245,324.5787354,2,1000
0.038,393.6040339,333.1341553,2,1000
0.039,404.336897,344.4931946,2,1000
0.04,414.6492972,357.915863,2,1000
0.041,423.7633406,367.2055664,2,1000
0.042,432.7264595,372.5667114,2,1000
0.043,441.814464,381.0133057,2,1000
0.044,450.5491767,392.67099,2,1000
0.045,459.6232247,402.0914001,2,1000
0.046,468.8428953,409.5987244,2,1000
0.047,476.8084006,420.6398926,2,1000
0.048,484.589073,433.4537964,2,1000
0.049,493.1806223,440.6128845,2,1000
0.05,500.6283657,447.5617371,2,1000
0.051,507.094475,459.6297913,2,1000
0.052,513.6597018,466.9586792,2,1000
0.053,519.9208196,471.0377502,2,1000
0.054,526.6500919,480.9815369,2,1000
0.055,533.3803439,490.3198547,2,1000
0.056,539.8739486,495.4683533,2,1000
0.057,547.9485886,505.780304,2,1000
0.058,555.8446653,516.4119873,2,1000
0.059,562.9915365,520.2113647,2,1000
0.06,571.1411875,530.1872559,2,1000
0.061,578.6439122,540.4854126,2,1000
0.062,585.8726205,544.5910645,2,1000
0.063,593.1768794,555.9906616,2,1000
0.064,600.8532003,565.6099243,2,1000
0.065,609.0248098,571.7116699,2,1000
0.066,616.3604745,584.3279419,2,1000
0.067,625.2188607,590.668335,2,1000
0.068,633.2352044,596.9006348,2,1000
0.069,641.6738709,609.3076782,2,1000
0.07,651.1493125,613.6345215,2,1000
0.071,660.2603776,625.9847412,2,1000
0.072,669.7893097,634.8587646,2,1000
0.073,679.591028,641.6121826,2,1000
0.074,689.5857504,654.5223389,2,1000
0.075,699.2671052,658.7078857,2,1000
0.076,710.0485779,672.1079712,2,1000
0.077,719.2968756,679.0367432,2,1000
0.078,729.9804098,689.3671875,2,1000
0.079,740.1839651,698.7608643,2,1000
0.08,751.2608851,704.4754028,2,1000
0.081,762.8771255,716.1002808,2,1000
0.082,774.844946,720.43927,2,1000
0.083,786.6338789,734.5958862,2,1000
0.084,799.2306902,739.4765625,2,1000
0.085,810.827055,752.675293,2,1000
0.086,823.4473835,757.9673462,2,1000
0.087,834.3929601,771.7658691,2,1000
0.088,845.2495714,778.4662476,2,1000
0.089,854.7837993,792.9918823,2,1000
0.09,863.1376802,798.1495361,2,1000
0.091,871.4484414,811.3081665,2,1000
0.092,878.0626805,816.1841431,2,1000
0.093,885.3057428,829.0505371,2,1000
0.094,890.9053898,833.5092773,2,1000
0.095,897.169535,846.3964233,2,1000
0.096,902.9432506,849.7445068,2,1000
0.097,909.0422108,861.8696289,2,1000
0.098,915.2992245,867.8677979,2,1000
0.099,921.7983381,878.8648682,2,1000
0.1,928.2394058,887.1733398,2,1000
0.101,935.8334502,895.2157593,2,1000
0.102,942.8656367,907.1517334,2,1000
0.103,951.7901333,912.7306519,2,1000
0.104,959.3221981,926.5514526,2,1000
0.105,967.6162916,931.1157227,2,1000
0.106,974.1586252,943.0091553,2,1000
0.107,979.7800942,951.9572144,2,1000
0.108,984.1472404,958.5233154,2,1000
0.109,985.5858005,970.9840698,0.98387146,1000
0.11,985.773397,973.8387451,0.7564358115,1000
0.111,982.9736891,983.1511841,-0.1224855855,1000
0.112,980.1729838,985.130188,-0.2866883874,1000
0.113,977.0257515,983.6867065,-0.1126006097,1000
0.114,974.9472841,985.064209,-0.2177242339,1000
0.115,974.8839334,977.5923462,0.5593336225,1000
0.116,976.8226484,978.682312,0.4951523542,1000
0.117,981.7724297,972.2153931,1.184479594,1000
0.118,988.467232,968.2632446,1.635263562,1000
0.119,996.6104848,968.7545776,1.649603724,1000
0.12,1004.85289,968.1384888,1.773703456,1000
0.121,1011.088475,978.0122681,0.8500484824,1000
0.122,1015.178258,980.2149048,0.6737602949,1000
0.123,1014.872876,987.2139893,0.01342205517,1000
0.124,1011.216654,992.8630981,-0.5259167552,1000
0.125,1004.335851,992.7249146,-0.4978246689,1000
0.126,995.025825,998.1469116,-1.025474191,1000
0.127,985.4688179,992.4290771,-0.4499844909,1000
0.128,976.5368605,990.3514404,-0.2270789742,1000
0.129,970.7867347,985.1623535,0.311126858,1000
0.13,968.8118106,976.7102051,1.186016917,1000
0.131,970.3466884,976.5895996,1.24465704,1000
0.132,974.9978426,969.6074219,1.989695668,1000
0.133,980.6786264,974.673584,1.543864608,1000
0.134,986.8656583,978.1283569,1.249040127,1000
0.135,990.9954111,983.7935181,0.7262673378,1000
0.136,992.1398504,995.1602173,-0.3779896498,1000
0.137,990.0380133,997.5675659,-0.6090449691,1000
0.138,984.1997029,1006.650635,-1.512486935,1000
0.139,976.693556,1006.865723,-1.547297001,1000
0.14,968.4088091,1003.489502,-1.223406315,1000
0.141,962.1417222,1000.314026,-0.9128377438,1000
0.142,959.850653,987.7521973,0.3427170813,1000
0.143,962.6630633,983.8087769,0.761554718,1000
0.144,970.8795951,972.7451782,1.900297046,1000
0.145,983.4701671,969.4767456,2,1000
0.146,998.9870929,970.1993408,2,1000
0.147,1015.101488,971.3666992,2,1000
0.148,1028.878273,982.9382324,1.044932485,1000
0.149,1038.430782,990.1234741,0.3605318666,1000
0.15,1041.196011,1002.918274,-0.899195075,1000
0.151,1037.480802,1014.042908,-2,1000
0.152,1027.741086,1014.687012,-2,1000
0.153,1013.72451,1019.297546,-2,1000
0.154,998.0874714,1011.957886,-1.83368957,1000
0.155,983.8544618,1005.201416,-1.181958318,1000
0.156,973.1880617,996.8983765,-0.362057209,1000
0.157,968.1467021,981.7870483,1.155278802,1000
0.158,969.2898145,976.5715942,1.71325016,1000
0.159,976.0488131,966.3262329,2,1000
0.16,986.9001421,968.710083,2,1000
0.161,998.8641925,972.9953003,2,1000
0.162,1009.175671,979.5177612,1.505879998,1000
0.163,1015.568443,995.4622192,-0.04760134593,1000
0.164,1016.843973,1003.140381,-0.8063419461,1000
0.165,1011.953675,1015.429382,-2,1000
0.166,1001.901047,1023.006836,-2,1000
0.167,988.2595925,1021.295227,-2,1000
0.168,974.131385,1022.675415,-2,1000
0.169,962.0702459,1010.565979,-1.49772191,1000
0.17,955.0951414,1001.773987,-0.6396546364,1000
0.171,954.0450425,989.4741821,0.5867779255,1000
0.172,959.9869831,977.6781006,1.787437677,1000
0.173,972.0140934,975.7380371,2,1000
0.174,987.817092,969.5425415,2,1000
0.175,1005.324761,976.0546265,2,1000
0.176,1021.532941,982.677063,1.414540529,1000
0.177,1034.145161,991.6976318,0.5471294522,1000
0.178,1041.192935,1006.366577,-0.9031603336,1000
0.179,1041.360175,1011.243164,-1.403552175,1000
0.18,1035.268783,1019.687378,-2,1000
0.181,1024.356942,1021.917236,-2,1000
0.182,1011.379811,1014.908691,-1.798177004,1000
0.183,998.7933435,1012.826538,-1.61977911,1000
0.184,988.3371377,1000.087036,-0.3714819551,1000
0.185,982.6937552,993.8417969,0.2528679073,1000
0.186,981.5959348,985.7050171,1.078862309,1000
0.187,985.6009462,976.5949707,2,1000
0.188,992.8954906,976.934082,2,1000
0.189,1001.502721,975.4447021,2,1000
0.19,1009.138221,985.3203735,1.261009574,1000
0.191,1013.732145,994.2582397,0.3965821266,1000
0.192,1013.439911,1000.982056,-0.2643159628,1000
0.193,1008.317143,1013.025879,-1.470662355,1000
0.194,999.2092406,1014.171082,-1.611234426,1000
0.195,987.2424413,1019.004822,-2,1000
0.196,974.4090693,1017.06189,-1.954371929,1000
0.197,962.8937485,1008.271057,-1.109412551,1000
0.198,955.3462129,1002.805359,-0.5793848038,1000
0.199,953.2238893,987.8467407,0.9108663201,1000
0.2,957.2321052,982.765625,1.443284392,1000
0.201,966.5127053,974.3096924,2,1000
0.202,979.7264345,973.517395,2,1000
0.203,994.7316614,979.9382324,1.790341377,1000
0.204,1009.317219,981.5933228,1.664955854,1000
0.205,1020.87616,993.0789185,0.5532096624,1000
0.206,1028.204697,999.7547607,-0.1005323827,1000
0.207,1030.052452,1007.135559,-0.8381217718,1000
0.208,1026.777331,1016.052979,-1.744134784,1000
0.209,1019.411844,1013.799927,-1.550935626,1000
0.21,1010.174948,1015.447449,-1.743287683,1000
0.211,1000.830916,1008.451843,-1.074622035,1000
0.212,993.9324968,998.6483765,-0.1111789942,1000
0.213,990.0898527,993.9290161,0.3634603024,1000
0.214,989.7230618,982.5671997,1.511783957,1000
0.215,993.2154731,982.2525635,1.578113198,1000
0.216,999.1818066,977.9706421,2,1000
0.217,1006.447477,979.0263062,1.976112485,1000
0.218,1012.865342,986.6335449,1.257335901,1000
0.219,1017.047646,990.5083008,0.8965932727,1000
0.22,1017.334112,1002.443787,-0.2779719234,1000
0.221,1013.243053,1007.305115,-0.7689923048,1000
0.222,1004.646825,1010.731567,-1.126247764,1000
0.223,993.3539823,1016.122314,-1.686785698,1000
0.224,981.1251322,1010.461121,-1.152910948,1000
0.225,970.0161864,1010.889099,-1.216631055,1000
0.226,961.3285908,1002.005432,-0.3500424922,1000
0.227,956.996385,994.6557617,0.3809137046,1000
0.228,957.6783845,990.1663208,0.8405462503,1000
0.229,963.2956554,979.864624,1.890383363,1000
0.23,972.8507452,980.1190796,1.905208468,1000
0.231,984.4081776,976.8136597,2,1000
0.232,996.4487898,983.6248779,1.613211989,1000
0.233,1007.242675,992.5272217,0.7557278275,1000
0.234,1015.319137,995.7244873,0.4509468079,1000
0.235,1019.606832,1006.111572,-0.5792106986,1000
0.236,1019.919127,1008.205383,-0.8008149266,1000
0.237,1017.055057,1011.641663,-1.160853624,1000
0.238,1011.906144,1014.568848,-1.476855516,1000
0.239,1005.806998,1006.613831,-0.7104914188,1000
0.24,1000.99241,1004.628723,-0.525208354,1000
0.241,997.8445838,995.6078491,0.3676216304,1000
0.242,997.9680911,990.152771,0.921913743,1000
0.243,1000.201926,987.8134766,1.175537705,1000
0.244,1004.182554,981.9056396,1.790694356,1000
0.245,1009.301586,986.8626709,1.331179976,1000
0.246,1014.043523,987.1147461,1.332247138,1000
0.247,1017.47157,992.3848267,0.8310095668,1000
0.248,1018.25196,1000.133423,0.07138029486,1000
0.249,1015.858428,1001.69989,-0.08553328365,1000
0.25,1010.43915,1009.27301,-0.84624511,1000
0.251,1002.575926,1008.40918,-0.7784080505,1000
0.252,993.1348185,1008.38678,-0.792986393,1000
0.253,983.5994056,1009.370483,-0.9081303477,1000
0.254,975.4779656,1001.96228,-0.1860509813,1000
0.255,969.978629,1002.751892,-0.2689367235,1000
0.256,967.2161241,994.6468506,0.5360636711,1000
0.257,967.7699316,992.0635986,0.8050951362,1000
0.258,971.3210609,990.6170044,0.9656273723,1000
0.259,977.2633676,985.8209839,1.463995457,1000
0.26,984.5197878,990.6860962,1.005842209,1000
0.261,992.1085584,989.178772,1.175202489,1000
0.262,999.1752538,995.6859741,0.5461246967,1000
0.263,1004.986383,1001.371094,-0.01375923399,1000
0.264,1009.042803,1000.954956,0.02511234954,1000
0.265,1011.17072,1007.225952,-0.6038971543,1000
0.266,1011.394798,1004.901978,-0.3859516084,1000
0.267,1010.710807,1006.81897,-0.5874547958,1000
0.268,1009.339106,1007.249207,-0.6441164017,1000
0.269,1008.036161,1000.437988,0.02250700258,1000
0.27,1007.628268,1001.442383,-0.07880843431,1000
0.271,1007.770336,995.2683105,0.5357140303,1000
0.272,1009.252328,994.6296387,0.6090446115,1000
0.273,1010.7954,994.4796753,0.6347816586,1000
0.274,1012.247259,991.1033936,0.9834504724,1000
0.275,1013.38829,996.5222778,0.4593552649,1000
0.276,1013.585892,995.0510254,0.6134359837,1000
0.277,1012.86674,998.4558105,0.2828553915,1000
0.278,1010.586874,1001.83075,-0.05155012384,1000
0.279,1007.168388,1000.309875,0.09687578678,1000
0.28,1003.036704,1005.654846,-0.4382410347,1000
0.281,998.2201122,1002.141541,-0.09822016954,1000
0.282,993.1697816,1002.891724,-0.1775215566,1000
0.283,988.1141738,1003.482483,-0.242380932,1000
0.284,983.7285461,999.0596924,0.1929331571,1000
0.285,980.4766572,1003.095398,-0.2087567896,1000
0.286,978.1107089,998.2093506,0.2736571431,1000
0.287,977.1277527,999.5923462,0.1389388889,1000
0.288,977.4009283,1000.262573,0.07273150235,1000
0.289,978.9809052,996.0873413,0.4897295535,1000
0.29,981.5944279,999.2269897,0.1835900247,1000
0.291,984.7791733,993.5802002,0.7498149872,1000
0.292,988.9482813,995.9668579,0.523988843,1000
0.293,993.5101411,997.3839111,0.3903497756,1000
0.294,998.4250009,994.8755493,0.6464181542,1000
0.295,1003.565742,999.8270264,0.1615193337,1000
0.296,1008.128853,996.8703613,0.45753178,1000
0.297,1012.75257,1000.273621,0.1234651357,1000
0.298,1016.347707,1002.41095,-0.09081502259,1000
0.299,1018.859371,998.953125,0.2501455545,1000
0.3,1020.459541,1003.486267,-0.2010749131,1000
0.301,1020.406342,1000.662292,0.07435002178,1000
0.302,1019.791752,1001.950012,-0.05574653298,1000
0.303,1017.867424,1003.741577,-0.2388030589,1000
0.304,1015.126053,1000.022095,0.1256620437,1000
0.305,1011.899409,1004.069153,-0.2790879607,1000
0.306,1008.060247,1000.169617,0.1027273387,1000
0.307,1004.491377,1000.116882,0.1076615453,1000
0.308,1000.757474,1000.787109,0.040405076,1000
0.309,997.4871698,996.1853638,0.4990054369,1000
0.31,994.984154,999.4078369,0.1843873709,1000
0.311,992.8670489,995.3792725,0.5884281397,1000
0.312,991.3392582,997.1608887,0.4195079803,1000
0.313,990.1147966,999.4343262,0.1978424639,1000
0.314,989.1930161,996.5779419,0.4846122265,1000
0.315,988.4709138,1002.675232,-0.1182726622,1000
0.316,987.5670616,999.9574585,0.148154214,1000
0.317,986.5999553,1002.967285,-0.1527433693,1000
0.318,985.6577522,1005.034119,-0.3653612733,1000
0.319,984.8693218,1001.25946,0.002036301419,1000
0.32,984.3788913,1004.989319,-0.3734684587,1000
0.321,984.4284916,999.4307251,0.1724122763,1000
0.322,985.5379714,1000.428345,0.0737888664,1000
0.323,987.52385,1000.006592,0.1151074693,1000
0.324,990.6198093,995.1911011,0.5966433883,1000
0.325,994.8699832,998.1650391,0.3088673651,1000
0.326,999.6105822,992.9989014,0.829151094,1000
0.327,1005.145093,995.0504761,0.6379957795,1000
0.328,1010.467821,996.0672607,0.5462163687,1000
0.329,1015.310515,993.31427,0.8293809295,1000
0.33,1019.517776,998.7186279,0.302316606,1000
0.331,1022.158774,996.8416138,0.4925807714,1000
0.332,1023.695549,1000.322266,0.1508323401,1000
0.333,1023.338188,1002.791382,-0.09672381729,1000
0.334,1021.483657,1000.848267,0.09200493991,1000
0.335,1018.369312,1005.736267,-0.3984916508,1000
0.336,1013.960702,1002.398071,-0.07614459097,1000
0.337,1009.248745,1003.711182,-0.2122517824,1000
0.338,1004.062009,1004.210693,-0.2696253061,1000
0.339,999.2253966,999.8824463,0.1547780186,1000
0.34,995.076705,1002.679504,-0.1246926934,1000
0.341,991.3990136,997.5065918,0.3872395754,1000
0.342,988.5282388,998.8564453,0.2572410405,1000
0.343001,986.1843768,999.5761108,0.1875615865,1000
0.344,984.4611323,996.1273193,0.5332885385,1000
0.345,983.3499974,1001.232239,0.03054191917,1000
0.346,982.4352082,997.4729004,0.4040112793,1000
0.347,981.9437424,1000.531128,0.1032427326,1000
0.348,981.762566,1001.692444,-0.01395111624,1000
0.349,982.0447155,998.2341309,0.3284952939,1000
0.35,982.8588628,1001.952209,-0.0397808291,1000
0.351,984.2213274,996.3901978,0.5125159621,1000
0.352,986.7669061,998.5158081,0.3071745038,1000
0.353,989.998315,998.1372681,0.3479968905,1000
0.354,994.0851459,994.5673218,0.7087169886,1000
0.355,999.1097912,998.2515259,0.351161927,1000
0.356,1004.197116,994.0325317,0.77655828,1000
0.357,1009.963101,997.1928101,0.4724653959,1000
0.358,1015.135694,998.8643188,0.310928911,1000
0.359,1019.580623,996.5427856,0.5453535914,1000
0.36,1023.171723,1002.026855,0.003861024976,1000
0.361,1024.848768,999.887207,0.2137721628,1000
0.362,1025.397276,1002.872864,-0.08456792682,1000
0.363,1023.818538,1005.330627,-0.3360900283,1000
0.364,1020.798088,1002.83374,-0.09706255794,1000
0.365,1016.678859,1007.50415,-0.5697710514,1000
0.366,1011.47994,1003.897888,-0.2241531312,1000
0.367,1006.37949,1004.253357,-0.2674957812,1000
0.368,1001.048037,1004.27301,-0.2779678404,1000
0.369,996.3601059,998.8413696,0.2566502094,1000
0.37,992.6386709,1001.031311,0.03997332975,1000
0.371,989.6362001,995.5518188,0.5858599544,1000
0.372,987.6974529,996.4725342,0.502684772,1000
0.373,986.4524035,998.0804443,0.3489486873,1000
0.374,985.8941955,995.0979004,0.6510421634,1000
0.375,985.8444741,1000.906372,0.07999920845,1000
0.376,985.8618194,997.9306641,0.375757277,1000
0.377,985.8662669,1001.330688,0.03989350423,1000
0.378,985.8451756,1003.292175,-0.1589165628,1000
0.379,985.8867615,1000.186584,0.1450581849,1000
0.38,986.0622459,1004.318481,-0.2685046792,1000
0.381,986.5737722,999.1152344,0.2431830615,1000
0.382,987.992415,1000.933838,0.06309223175,1000
0.383,990.1689956,1000.654968,0.08911151439,1000
0.384,993.2345742,996.3776245,0.5155359507,1000
0.385,997.2636587,999.6630249,0.1942406744,1000
0.386,1001.637922,994.6645508,0.6947620511,1000
0.387,1006.713457,996.9846191,0.4734261036,1000
0.388,1011.498579,997.84198,0.3937207758,1000
0.389,1015.816115,994.9608765,0.686147213,1000
0.39,1019.522727,999.9888306,0.1934300214,1000
0.391,1021.675218,997.6984863,0.4224867821,1000
0.392,1022.823592,1000.956238,0.1013146564,1000
0.393,1022.192753,1003.06073,-0.1110470369,1000
0.394,1020.185221,1000.939392,0.09496530145,1000
0.395,1017.0034,1005.565491,-0.3695233464,1000
0.396,1012.652472,1001.947632,-0.01886845008,1000
0.397,1008.107857,1003.220886,-0.1500891596,1000
0.398,1003.136805,1003.43689,-0.1781312674,1000
0.399,998.5562815,999.1303711,0.2456468046,1000
0.4,994.7033624,1001.90332,-0.0299088601,1000
0.401,991.3548387,996.7515259,0.4814639688,1000
0.402,988.8354184,998.4679565,0.3163178265,1000
0.403,986.8084003,999.2191162,0.2442659438,1000
0.404,985.3809236,995.9857788,0.5691614747,1000
0.405,984.4916081,1001.333008,0.04246699437,1000
0.406,983.7210856,997.7004395,0.4030578136,1000
0.407,983.2958508,1001.067871,0.07091378421,1000
0.408,983.0757372,1002.307861,-0.05522098392,1000
0.409,983.2613799,999.0016479,0.2707846463,1000
0.41,983.9080401,1002.801941,-0.1072479561,1000
0.411,985.0290213,997.3666992,0.4306723475,1000
0.412,987.2895232,999.4014893,0.2324599475,1000
0.413,990.1764279,998.8912354,0.2846823633,1000
0.414,993.9936043,995.2176514,0.6542583108,1000
0.415,998.7425762,998.7389526,0.3116928637,1000
0.416,1003.606487,994.3132324,0.7567870021,1000
0.417,1009.217642,997.37854,0.4616297483,1000
0.418,1014.256506,998.7683105,0.3278956115,1000
0.419,1018.663031,996.2711792,0.5800721645,1000
0.42,1022.262869,1001.681946,0.0464531146,1000
0.421,1024.040956,999.5059814,0.2606856525,1000
0.422,1024.799938,1002.465149,-0.03424305841,1000
0.423,1023.576507,1004.885925,-0.2812510133,1000
0.424,1020.98639,1002.428833,-0.0453136228,1000
0.425,1017.302935,1007.172852,-0.5245731473,1000
0.426,1012.488352,1003.535645,-0.1751981378,1000
0.427,1007.683831,1004.098816,-0.2385865599,1000
0.428,1002.515322,1004.319641,-0.2688667178,1000
0.429,997.8267699,999.3684082,0.2176173031,1000
0.43,993.9826319,1001.936707,-0.03794934973,1000
0.431,990.7102622,996.7592163,0.47592628,1000
0.432,988.3918048,997.8407593,0.3742535412,1000
0.433,986.6756843,999.2175903,0.2408889085,1000
0.434,985.6207953,995.862915,0.5779212713,1000
0.435,985.1046487,1001.387817,0.03370518982,1000
0.436,984.6962313,998.0635986,0.3633514345,1000
0.437,984.4347241,1001.189636,0.0546204634,1000
0.438,984.3082203,1002.812073,-0.1100024581,1000
0.439,984.39637,999.4746704,0.218113631,1000
0.44,984.7867752,1003.547668,-0.1881355047,1000
0.441,985.6336168,998.2830811,0.3312278986,1000
0.442,987.4283207,1000.146606,0.148309201,1000
0.443,989.9413012,999.741272,0.1885494292,1000
0.444,993.3246945,995.8013306,0.5830610394,1000
0.445,997.639105,999.1063232,0.2609591186,1000
0.446,1002.251094,994.2633057,0.7470481992,1000
0.447,1007.495502,996.918396,0.4930125773,1000
0.448,1012.382185,997.9786377,0.3931516111,1000
0.449,1016.753787,995.3587646,0.6591816545,1000
0.45,1020.432292,1000.536865,0.1506540477,1000
0.451,1022.523918,998.1170654,0.3915603161,1000
0.452,1023.562783,1001.534485,0.05358422175,1000
0.453,1022.772088,1003.552185,-0.1512547731,1000
0.454,1020.590222,1001.423584,0.05450097471,1000
0.455,1017.239081,1006.108704,-0.4168581665,1000
0.456,1012.736713,1002.322998,-0.0505050011,1000
0.457,1008.059503,1003.643433,-0.1871944666,1000
0.458,1002.976509,1003.720215,-0.2021595538,1000
0.459,998.333021,999.4284058,0.2195809335,1000
0.46,994.4289937,1002.034912,-0.03992651775,1000
0.461,991.0327336,996.743103,0.4851845801,1000
0.462,988.5146126,998.3070679,0.3353018761,1000
0.463,986.5144333,998.9442749,0.2749670446,1000
0.464,985.1602926,995.892395,0.5822665095,1000
0.465,984.3416506,1001.224976,0.05722363293,1000
0.466,983.6521308,997.4746094,0.4298103154,1000
0.467,983.2990271,1001.008118,0.08151025325,1000
0.468,983.1189469,1002.154785,-0.03517272323,1000
0.469,983.3179337,999.0210571,0.2738905251,1000
0.47,983.9847165,1002.79895,-0.101940915,1000
0.471,985.0970308,997.2926636,0.4430898428,1000
0.472,987.3685756,999.5030518,0.2274657041,1000
0.473,990.2679236,998.8683472,0.2919300497,1000
0.474,994.0774879,995.2632446,0.6547036171,1000
0.475,998.8563029,998.7929688,0.3112047315,1000
0.476,1003.74672,994.3226318,0.7606524825,1000
0.477,1009.416577,997.4379883,0.4604715705,1000
0.478,1014.517185,998.9266968,0.3167247474,1000
0.479,1018.958766,996.4104004,0.5705009699,1000
0.48,1022.575701,1001.823486,0.03637157753,1000
0.481,1024.358592,999.5414429,0.2609289587,1000
0.482,1025.084158,1002.752625,-0.05927210674,1000
0.483,1023.757414,1005.113586,-0.3008735478,1000
0.484,1021.044891,1002.678284,-0.06757044792,1000
0.485,1017.227206,1007.367188,-0.5418174267,1000
0.486,1012.264684,1003.776001,-0.1974331141,1000
0.487,1007.351929,1004.265686,-0.2539536059,1000
0.488,1002.11175,1004.347412,-0.270657599,1000
0.489,997.3953747,999.180542,0.2373345941,1000
0.49,993.5441134,1001.712158,-0.01418811642,1000
0.491,990.3326116,996.4402466,0.5095787644,1000
0.492,988.1144932,997.515625,0.4091604054,1000
0.493,986.5358583,998.8419189,0.2814997435,1000
0.494,985.6391615,995.6220093,0.6058068871,1000
0.495,985.2735551,1001.212708,0.05549303442,1000
0.496,985.0222154,997.9217529,0.3821630776,1000
0.497,984.8720727,1001.209045,0.05759032816,1000
0.498,984.8110939,1002.908447,-0.1147679463,1000
0.499,984.9407232,999.6583252,0.2044273764,1000
0.5,985.3166681,1003.82843,-0.2118997723,1000
0.501,986.0922615,998.6558838,0.2976980209,1000
0.502,987.8186046,1000.48761,0.1172136292,1000
0.503,990.2571734,1000.185791,0.1464203,1000
0.504,993.551458,996.0909424,0.5555335879,1000
0.505,997.7640711,999.3664551,0.2358004302,1000
0.506,1002.285397,994.5462646,0.7190865874,1000
0.507,1007.447938,997.1049805,0.4741224647,1000
0.508,1012.267776,998.0599976,0.3844107985,1000
0.509,1016.570321,995.2958984,0.6647006869,1000
0.51,1020.224194,1000.483826,0.1553161889,1000
0.511,1022.300206,998.1608276,0.3866483271,1000
0.512,1023.325964,1001.499451,0.05646438524,1000
0.513,1022.537437,1003.450439,-0.1416334063,1000
0.514,1020.371249,1001.385498,0.05795986578,1000
0.515,1017.041504,1005.994507,-0.4057120085,1000
0.516,1012.572635,1002.193176,-0.03756795824,1000
0.517,1007.945171,1003.461121,-0.1687487513,1000
0.518,1002.926734,1003.621277,-0.1916866153,1000
0.519,998.3439842,999.3083496,0.2323635519,1000
0.52,994.5130683,1001.938171,-0.02923532203,1000
0.521,991.1809931,996.6646729,0.4942381978,1000
0.522,988.6839183,998.3980713,0.3275690079,1000
0.523,986.6969083,999.0501709,0.265562892,1000
0.524,985.3168544,995.9776611,0.5747135282,1000
0.525,984.4750091,1001.27417,0.05310732499,1000
0.526,983.7361089,997.6245728,0.4155187011,1000
0.527,983.3398354,1001.095642,0.07316262275,1000
0.528,983.1294146,1002.265991,-0.04606358334,1000
0.529,983.3104247,999.0159912,0.2744044363,1000
0.53,983.942761,1002.803345,-0.1023629084,1000
0.531,985.0307797,997.2294312,0.4494217634,1000
0.532,987.2927776,999.4336548,0.2345405221,1000
0.533,990.1873464,998.8876953,0.2902691662,1000
0.534,993.9944337,995.3082886,0.6504344344,1000
0.535,998.7632175,998.7615967,0.3144870698,1000
0.536,1003.657684,994.2789307,0.7652304769,1000
0.537,1009.322997,997.4047852,0.4640871882,1000
0.538,1014.404451,998.8280029,0.3269558251,1000
0.539,1018.802664,996.3377686,0.578323245,1000
0.54,1022.374475,1001.740906,0.04533399642,1000
0.541,1024.115915,999.444458,0.2714969814,1000
0.542,1024.834815,1002.549866,-0.03793271631,1000
0.543,1023.579846,1004.989136,-0.2869594395,1000
0.544,1020.982771,1002.518555,-0.04987960681,1000
0.545,1017.292498,1007.319214,-0.5349826217,1000
0.546,1012.465471,1003.601135,-0.1778132021,1000
0.547,1007.663137,1004.158325,-0.240734458,1000
0.548,1002.52226,1004.167419,-0.2499605417,1000
0.549,997.8831697,999.260498,0.2323967665,1000
0.55,994.0563417,1001.934143,-0.03348874301,1000
0.551,990.833463,996.7427368,0.4817835987,1000
0.552,988.5456646,997.9805908,0.3645127118,1000
0.553,986.8600961,999.28125,0.2384856343,1000
0.554,985.8200932,995.9644775,0.5716003776,1000
0.555,985.275186,1001.470947,0.02902445011,1000
0.556,984.833193,998.1748047,0.3556968272,1000
0.557,984.5080921,1001.358459,0.04098173603,1000
0.558,984.3047427,1002.931702,-0.1190593988,1000
0.559,984.3551605,999.588623,0.2093850672,1000
0.56,984.7246265,1003.564453,-0.1873751879,1000
0.561,985.5468257,998.3690796,0.3250332475,1000
0.562,987.3455569,1000.156372,0.1495658457,1000
0.563,989.8462714,999.7508545,0.189804852,1000
0.564,993.2475629,995.7830811,0.5870804787,1000
0.565,997.6058382,999.1099854,0.2628239095,1000
0.566,1002.28117,994.2504272,0.7505597472,1000
0.567,1007.588886,996.861084,0.5009932518,1000
0.568,1012.526447,997.8901978,0.4043596685,1000
0.569,1016.964489,995.2704468,0.6705543995,1000
0.57,1020.702821,1000.566406,0.1504175365,1000
0.571,1022.828935,998.2491455,0.3810108006,1000
0.572,1023.868883,1001.717346,0.03769243881,1000
0.573,1023.050608,1003.72168,-0.1661756039,1000
0.574,1020.815518,1001.674744,0.03107464872,1000
0.575,1017.377495,1006.330933,-0.4378937483,1000
0.576,1012.772743,1002.570374,-0.07449968159,1000
0.577,1007.980329,1003.845337,-0.20713678,1000
0.578,1002.798239,1003.824707,-0.2127644569,1000
0.579,998.0360831,999.430542,0.2190026343,1000
0.58,994.0223606,1002.016846,-0.03848882765,1000
0.581,990.5716274,996.6574097,0.4934211075,1000
0.582,987.9876947,998.2544556,0.3404016793,1000
0.583,985.9854679,998.7444458,0.2948937416,1000
0.584,984.6462607,995.5789185,0.6139575839,1000
0.585,983.8929169,1000.792725,0.1014191508,1000
0.586,983.3000032,997.0906372,0.4700424373,1000
0.587,983.0795512,1000.624268,0.1224981248,1000
0.588,983.060298,1001.828186,0.0008577408735,1000
0.589,983.4274776,998.7488403,0.3051359355,1000
0.59,984.2650488,1002.598999,-0.07737760991,1000
0.591,985.5415303,997.1878052,0.4585437775,1000
0.592,987.9419825,999.4457397,0.2383747101,1000
0.593,990.9036512,998.9896851,0.2850886881,1000
0.594,994.7420346,995.4749756,0.6385802627,1000
0.595,999.4691253,999.0911865,0.2860092521,1000
0.596,1004.256305,994.7514648,0.721799016,1000
0.597,1009.768547,997.9210815,0.4153344333,1000
0.598,1014.642596,999.2935791,0.2822425067,1000
0.599,1018.870032,996.8917236,0.5238409042,1000
0.6,1022.303665,1002.119995,0.007230302319,1000
0.601,1023.923407,999.7017212,0.244817704,1000
0.602,1024.581934,1002.793274,-0.06374102086,1000
0.603,1023.275526,1004.990723,-0.289072454,1000
0.604,1020.671002,1002.445007,-0.04448234662,1000
0.605,1016.990311,1007.13623,-0.5184946656,1000
0.606,1012.20832,1003.391052,-0.1582493186,1000
0.607,1007.457598,1003.963196,-0.2222457677,1000
0.608,1002.358625,1004.099731,-0.2438257188,1000
0.609,997.7253987,999.1414185,0.2438061088,1000
0.61,993.9057892,1001.815308,-0.0218656417,1000
0.611,990.6495505,996.7091064,0.4851238728,1000
0.612,988.3420427,997.9153442,0.3710818887,1000
0.613,986.6279928,999.0206299,0.2647226155,1000
0.614,985.5528072,995.7985229,0.5888920426,1000
0.615,985.0125655,1001.203247,0.05682260543,1000
0.616,984.6096845,997.8937988,0.3853609562,1000
0.617,984.3667281,1001.104797,0.06847349554,1000
0.618,984.2741579,1002.693481,-0.09260451049,1000
0.619,984.4298545,999.4448853,0.2268681526,1000
0.62,984.8983486,1003.496155,-0.1771485806,1000
0.621,985.8347097,998.2268677,0.342787832,1000
0.622,987.7018972,1000.154907,0.1535301358,1000
0.623,990.2602972,999.8441772,0.1842933297,1000
0.624,993.6916177,995.9031982,0.578702867,1000
0.625,998.0326857,999.3081055,0.2464057505,1000
0.626,1002.645339,994.4209595,0.7365041375,1000
0.627,1007.867996,997.1534424,0.4744139314,1000
0.628,1012.694301,998.2299805,0.3724532425,1000
0.629,1016.994415,995.6461792,0.6343734264,1000
0.63,1020.593713,1000.80835,0.1268640161,1000
0.631,1022.601335,998.4179077,0.3642914891,1000
0.632,1023.552681,1001.757446,0.03350182623,1000
0.633,1022.685445,1003.734009,-0.1676693112,1000
0.634,1020.449845,1001.565796,0.04168396443,1000
0.635,1017.054656,1006.084412,-0.4133092165,1000
0.636,1012.53231,1002.341431,-0.05117993802,1000
0.637,1007.854356,1003.593628,-0.1810825318,1000
0.638,1002.809841,1003.678467,-0.1967536807,1000
0.639,998.1955697,999.282959,0.2354401797,1000
0.64,994.3309304,1001.948364,-0.02966626547,1000
0.641,990.9901837,996.6796265,0.4933107793,1000
0.642,988.518559,998.3039551,0.3375186622,1000
0.643,986.5588996,998.9118652,0.2801197469,1000
0.644,985.2206175,995.8339844,0.5900841355,1000
0.645,984.420592,1001.205139,0.06130065024,1000
0.646,983.7275312,997.5432129,0.4250830114,1000
0.647,983.3875904,1001.025696,0.08174827695,1000
0.648,983.2169813,1002.256592,-0.04339272529,1000
0.649,983.4296691,999.0725708,0.2704961896,1000
0.65,984.0806126,1002.856018,-0.1059936881,1000
0.651,985.1964686,997.430481,0.4308480024,1000
0.652,987.4507025,999.5542603,0.2236091048,1000
0.653,990.3184781,998.9265137,0.2872752249,1000
0.654,994.1110869,995.2505493,0.6570186615,1000
0.655,998.8490623,998.8304443,0.3085280657,1000
0.656,1003.694425,994.4136963,0.7525419593,1000
0.657,1009.316132,997.447876,0.4602966011,1000
0.658,1014.341423,998.9154053,0.3186479211,1000
0.659,1018.743986,996.3583374,0.5765239,1000
0.66,1022.389764,1001.765137,0.04312729463,1000
0.661,1024.223959,999.5301514,0.2630955577,1000
0.662,1025.082608,1002.63385,-0.04633462429,1000
0.663,1023.936417,1005.02179,-0.2903962731,1000
0.664,1021.415739,1002.600159,-0.05827675387,1000
0.665,1017.765714,1007.282715,-0.5317326784,1000
0.666,1012.940903,1003.777893,-0.1958159357,1000
0.667,1008.092415,1004.409119,-0.2664942741,1000
0.668,1002.844568,1004.680908,-0.3024914563,1000
0.669,998.0268754,999.8119507,0.1750424802,1000
0.67,993.9874114,1002.394531,-0.08283948153,1000
0.671,990.5129513,997.1373901,0.438085556,1000
0.672,987.9871249,998.1100464,0.3465451598,1000
0.673,986.0788308,999.1993408,0.2413956225,1000
0.674,984.8731067,995.6819458,0.5947364569,1000
0.675,984.2658816,1001.114868,0.06008030847,1000
0.676,983.8680011,997.6513672,0.4042006731,1000
0.677,983.6921669,1000.724854,0.101549305,1000
0.678,983.7198468,1002.261719,-0.05358692631,1000
0.679,984.0309889,998.8919678,0.2788647413,1000
0.68,984.6655919,1002.988647,-0.1285871714,1000
0.681,985.7733257,997.8412476,0.3801755309,1000
0.682,987.8030566,999.8557129,0.1830465049,1000
0.683,990.5276188,999.5731201,0.2115943581,1000
0.684,994.08205,995.7971191,0.5900482535,1000
0.685,998.5247122,999.289856,0.249180302,1000
0.686,1003.181359,994.6169434,0.7178918719,1000
0.687,1008.404349,997.4005127,0.4503010511,1000
0.688,1013.217907,998.4923096,0.3463203311,1000
0.689,1017.469232,995.9406738,0.6044992805,1000
0.69,1021.001222,1001.12616,0.09406935424,1000
0.691,1022.89639,998.6661377,0.3378192186,1000
0.692,1023.726833,1002.036072,0.003493538359,1000
0.693,1022.716884,1003.983459,-0.1953173727,1000
0.694,1020.332602,1001.744263,0.02063538134,1000
0.695,1016.806134,1006.337402,-0.4421671033,1000
0.696,1012.155113,1002.474976,-0.06859923899,1000
0.697,1007.381763,1003.642883,-0.1903399676,1000
0.698,1002.270004,1003.634216,-0.1967590451,1000
0.699,997.6227189,999.1275635,0.2466378063,1000
0.7,993.764037,1001.598206,0.001318467315,1000
0.701,990.4796185,996.2446289,0.5334797502,1000
0.702,988.0986211,997.8618164,0.3792717159,1000
0.703,986.2749748,998.5183105,0.3178986609,1000
0.704,985.1094057,995.5230713,0.6203859448,1000
0.705,984.4887139,1000.840881,0.09755880386,1000
0.706,983.9842809,997.3053589,0.4494293034,1000
0.707,983.8112817,1000.870178,0.09833664447,1000
0.708,983.7715068,1002.150269,-0.03141273931,1000
0.709,984.0659026,999.1792603,0.2613875568,1000
0.71,984.7576671,1003.095276,-0.1285725236,1000
0.711,985.8664646,997.6719971,0.4075648189,1000
0.712,988.0771271,999.9143677,0.1879837513,1000
0.713,990.8390524,999.416626,0.2379291803,1000
0.714,994.4901381,995.763855,0.6043730378,1000
0.715,999.0512095,999.2902832,0.2602024972,1000
0.716,1003.726095,994.7877197,0.7118782997,1000
0.717,1009.134087,997.7738037,0.4236944318,1000
0.718,1013.97581,999.0786133,0.2976658642,1000
0.719,1018.199964,996.4937134,0.5579986572,1000
0.72,1021.708603,1001.757629,0.03861960024,1000
0.721,1023.452063,999.3508301,0.2757842839,1000
0.722,1024.261999,1002.340271,-0.02186147869,1000
0.723,1023.14708,1004.600891,-0.2526040375,1000
0.724,1020.711047,1002.05719,-0.007435697597,1000
0.725,1017.205599,1006.756897,-0.481520772,1000
0.726,1012.560522,1003.176025,-0.1369474083,1000
0.727,1007.897592,1003.855286,-0.2112254798,1000
0.728,1002.834573,1004.250732,-0.2584807277,1000
0.729,998.2148325,999.4552612,0.2125649154,1000
0.73,994.358408,1002.131409,-0.05396034941,1000
0.731,991.0226197,997.0657349,0.4483442307,1000
0.732,988.5923462,998.1690674,0.3438794911,1000
0.733,986.7503571,999.3428955,0.2301585525,1000
0.734,985.537145,995.9996948,0.5657928586,1000
0.735,984.8762962,1001.433777,0.03038522974,1000
0.736,984.3780735,998.0272827,0.3681671023,1000
0.737,984.102139,1001.118225,0.06301829964,1000
0.738,984.0010253,1002.66925,-0.09432069957,1000
0.739,984.1888209,999.2984619,0.23741965,1000
0.74,984.665627,1003.385864,-0.169917509,1000
0.741,985.6315776,998.1248169,0.3494155109,1000
0.742,987.5506332,999.9406128,0.17158629,1000
0.743,990.1611244,999.6557007,0.2001962811,1000
0.744,993.6458036,995.7724609,0.5892088413,1000
0.745,998.0367396,999.1502686,0.2598831654,1000
0.746,1002.683364,994.3959351,0.7370159626,1000
0.747,1007.937719,997.0991821,0.4778994024,1000
0.748,1012.797522,998.1704712,0.3765721321,1000
0.749,1017.099735,995.5996094,0.6373173594,1000
0.75,1020.713459,1000.832764,0.122802712,1000
0.751,1022.713417,998.4962769,0.3547858596,1000
0.752,1023.674863,1001.786072,0.02881380916,1000
0.753,1022.794179,1003.78009,-0.1741601974,1000
0.754,1020.547614,1001.671692,0.02911946736,1000
0.755,1017.143352,1006.22998,-0.4300527871,1000
0.756,1012.581899,1002.383179,-0.05783256516,1000
0.757,1007.848066,1003.674011,-0.1916821748,1000
0.758,1002.741969,1003.775635,-0.2091925442,1000
0.759,998.0714153,999.3571777,0.2251018882,1000
0.76,994.1567863,1001.968018,-0.03469645232,1000
0.761,990.7581386,996.6398926,0.4941800237,1000
0.762,988.2304821,998.3006592,0.3348235786,1000
0.763,986.2627127,998.8661499,0.281673193,1000
0.764,984.9331866,995.6691895,0.6036369205,1000
0.765,984.1585049,1000.935303,0.08568722755,1000
0.766,983.5183414,997.2901611,0.4483307898,1000
0.767,983.2392636,1000.854004,0.09736617655,1000
0.768,983.1543413,1001.98053,-0.01699441113,1000
0.769,983.455074,998.8634033,0.2907571793,1000
0.77,984.1942996,1002.780029,-0.09863223135,1000
0.771,985.3841207,997.3423462,0.4395760298,1000
0.772,987.6750991,999.5401611,0.2251098305,1000
0.773,990.5863208,998.9567871,0.2843669355,1000
0.774,994.3802318,995.3948975,0.6426423192,1000
0.775,999.1067028,998.9790039,0.2934418619,1000
0.776,1003.947367,994.5111694,0.7422673106,1000
0.777,1009.528365,997.6165161,0.4427103102,1000
0.778,1014.511826,999.0334473,0.3057841659,1000
0.779,1018.863491,996.5316772,0.5578942895,1000
0.78,1022.457513,1001.939636,0.02403501235,1000
0.781,1024.213778,999.6690674,0.2472126186,1000
0.782,1024.985335,1002.700317,-0.05525051802,1000
0.783,1023.762118,1005.152771,-0.3058965206,1000
0.784,1021.185696,1002.600281,-0.06095302105,1000
0.785,1017.510251,1007.300049,-0.5361304283,1000
0.786,1012.678617,1003.661255,-0.1868510991,1000
0.787,1007.812411,1004.314758,-0.259523958,1000
0.788,1002.563433,1004.470093,-0.2836869061,1000
0.789,997.7655391,999.567749,0.1976072788,1000
0.79,993.7720617,1002.158936,-0.06064686924,1000
0.791,990.3672134,996.9090576,0.4600230753,1000
0.792,987.9327125,997.9039307,0.3667176366,1000
0.793,986.1117801,999.0375366,0.2575491965,1000
0.794,984.980384,995.5699463,0.6062331796,1000
0.795,984.4200728,1001.028198,0.06926807016,1000
0.796,984.0624799,997.6057739,0.4094541073,1000
0.797,983.910516,1000.75708,0.09911195189,1000
0.798,983.9445404,1002.246521,-0.05134630948,1000
0.799,984.2465034,999.0002441,0.2687883377,1000
0.8,984.8550868,1003.167297,-0.1459174752,1000
