time_s,rpm,position_deg,iq_target_A
0.00095,0,0,0.1
0.00195,0.3582385018,0.0009579320249,0.09897508792
0.00295,0.8206063635,0.004561638303,0.09038787874
0.00395,1.253591926,0.01086377351,0.07532735374
0.00495,1.623399617,0.01957623681,0.05569301918
0.00595,1.906421487,0.03024223353,0.03356515251
0.00695,2.088627615,0.04229322972,0.01100928373
0.00795,2.165679173,0.05510705792,-0.01009075967
0.00895,2.142265416,0.06806426644,-0.02816736641
0.00995,2.030774726,0.08059833775,-0.04206377072
0.01095,1.849477391,0.09223632577,-0.05108526799
0.01195,1.620419475,0.1026276042,-0.05500739391
0.01295,1.367229726,0.111559629,-0.05404491328
0.01395,1.113027448,0.1189607916,-0.0487882558
0.01495,0.8785912717,0.1248914846,-0.04011599394
0.01595,0.6809107545,0.1295253433,-0.02909300963
0.01695,0.5321987335,0.1331232229,-0.01686415165
0.01795,0.4393966275,0.1360027949,-0.004552525254
0.01895,0.4041613252,0.1385066988,0.006829780439
0.01995,0.4232842297,0.1409719996,0.01645255436
0.02095,0.4894629837,0.1437033005,0.02371606864
0.02195,0.5923259863,0.1469513223,0.02827579873
0.02295,0.7195996765,0.1508981206,0.03004374788
0.02395,0.8583084599,0.1556494506,0.02916872129
0.02495,0.9959060411,0.161234152,0.02599936522
0.02595,1.121253131,0.1676098687,0.02103479123
0.02695,1.225377937,0.1746739715,0.01486811242
0.02795,1.301980222,0.1822782497,0.008128237605
0.02895,1.34766473,0.190245777,0.001424850911
0.02995,1.36191333,0.1983883497,-0.004699272093
0.03095,1.346825544,0.2065230158,-0.009805493998
0.03195,1.306672899,0.2144864423,-0.01358415224
0.03295,1.247322955,0.2221461771,-0.01586627774
0.03395,1.175593626,0.2294082122,-0.01662261581
0.03495,1.098597731,0.2362206198,-0.01595136057
0.03595,1.02313224,0.2425733772,-0.01405678619
0.03695,0.9551573079,0.2484947933,-0.01122147157
0.03795,0.8993981517,0.254045186,-0.007775054213
0.03895,0.8590893456,0.2593086122,-0.004062424503
0.03995,0.8358674395,0.2643835304,-0.0004140116973
0.04095,0.8298051063,0.2693732683,0.002879635472
0.04195,0.8395691916,0.2743770927,0.005587351787
0.04295,0.8626767894,0.2794825467,0.007549972685
0.04395,0.8958181919,0.2847595467,0.008685759086
0.04495,0.9352133735,0.2902565343,0.008988941849
0.04595,0.9769694337,0.2959987826,0.008522225992
0.04695,1.017409761,0.3019887691,0.007404499076
0.04795,1.053351047,0.3082083667,0.005795248623
0.04895,1.082311049,0.3146224854,0.0038773039
0.04995,1.102637405,0.3211837145,0.001839484624
0.05095,1.113555303,0.3278374821,-0.0001394192248
0.05195,1.115138614,0.3345272576,-0.001904170135
0.05295,1.108214865,0.3411993684,-0.003333267885
0.05395,1.094218744,0.3478070779,-0.004345316221
0.05495,1.075011474,0.354313671,-0.004901452768
0.05595,1.052684357,0.3606943989,-0.00500405689
0.05695,1.029364157,0.3669372442,-0.004692231134
0.05795,1.007036007,0.3730425683,-0.004034762901
0.05895,0.9873964313,0.3790217864,-0.003121404324
0.05995,0.9717452977,0.3848952803,-0.002053357537
0.06095,0.9609214455,0.3906897993,-0.0009338242758
0.06195,0.9552826375,0.3964356138,0.0001406165674
0.06295,0.954726834,0.4021636817,0.00108718737
0.06395,0.9587487169,0.4079030543,0.00184221244
0.06495,0.9665231614,0.4136787105,0.002364305719
0.06595,0.977006025,0.4195099496,0.002635407234
0.06695,0.9890422215,0.4254094163,0.002659809384
0.06795,1.001471507,0.4313827691,0.002461463223
0.06895,1.013223593,0.4374289542,0.002079964685
0.06995,1.023395953,0.443540997,0.001565686354
0.07095,1.0313098,0.4497071935,0.0009745412316
0.07195,1.036541946,0.4559125621,0.000362843921
0.07295,1.038932495,0.4621404108,-0.0002173220678
0.07395,1.038570258,0.4683738786,-0.0007219063326
0.07495,1.035759433,0.4745973298,-0.001117640081
0.07595,1.030972214,0.4807975019,-0.001383617539
0.07695,1.024792676,0.4869643392,-0.001511703735
0.07795,1.017857425,0.4930914784,-0.001505858487
0.07895,1.010798192,0.4991763817,-0.001380545333
0.07995,1.004190839,0.5052201439,-0.001158451072
0.08095,0.9985142709,0.5112270241,-0.0008677740903
0.08195,0.994121555,0.5172037682,-0.0005393477395
0.08295,0.9912243329,0.5231587996,-0.0002038505627
0.08395,0.9898903906,0.5291013584,0.0001106783298
0.08495,0.990053213,0.5350406638,0.0003808481888
0.08595,0.9915314831,0.5409851663,0.0005893359788
0.08695,0.9940558961,0.5469419407,0.0007256622737
0.08795,0.9973003334,0.5529162551,0.0007863279206
0.08895,1.0009144,0.5589113324,0.0007743673591
0.08995,1.004554529,0.5649283031,0.0006984161771
0.09095,1.007911266,0.5709663339,0.0005714198513
0.09195,1.010730917,0.577022903,0.0004091265557
0.09295,1.012830373,0.5830941835,0.000228509544
0.09395,1.014104637,0.5891754942,4.625509373e-05
0.09495,1.014527181,0.5952617711,-0.0001225676047
0.09595,1.014143881,0.601348022,-0.0002655652643
0.09695,1.013061681,0.607429727,-0.00037375016
0.09795,1.011433466,0.6135031584,-0.0004419156629
0.09895,1.009440778,0.6195656029,-0.0004686641736
0.09995,1.00727601,0.6256154769,-0.0004561216233
0.10095,1.005125582,0.6316523389,-0.0004093946842
0.10195,1.003155363,0.637676806,-0.0003358419145
0.10295,1.001499306,0.6436903943,-0.0002442377626
0.10395,1.00025187,0.6496953016,-0.0001439088137
0.10495,0.9994644548,0.6556941577,-4.391559991e-05
0.10595,0.9991457292,0.6616897659,4.765810665e-05
0.10695,0.9992653964,0.6676848571,0.0001242618538
0.10795,0.999760749,0.6736818755,0.0001812517167
0.10895,1.000545175,0.6796828107,0.0002160689556
0.10995,1.001517723,0.6856890836,0.000228229961
0.11095,1.002572832,0.6917014913,0.0002191480934
0.11195,1.003609414,0.6977202085,0.000191819569
0.11295,1.004538628,0.703744839,0.000150413252
0.11395,1.00528983,0.7097745087,9.98078701e-05
0.11495,1.005814423,0.7158079881,4.511988971e-05
0.11595,1.006087504,0.7218438302,-8.738481568e-06
0.11695,1.006107409,0.7278805119,-5.743829538e-05
0.11795,1.005893403,0.7339165675,-9.752557568e-05
0.11895,1.00548192,0.739950702,-0.0001266111181
0.11995,1.004921785,0.7459818803,-0.00014345359
0.12095,1.004268934,0.7520093845,-0.0001479403453
0.12195,1.003581107,0.7580328398,-0.0001409782443
0.12295,1.002912948,0.76405221,-0.0001243128141
0.12395,1.002311876,0.7700677656,-0.0001002980066
0.12495,1.001814969,0.77608003,-7.164050178e-05
0.12595,1.00144703,0.782089711,-4.114207036e-05
0.12695,1.001219849,0.7880976244,-1.146120041e-05
0.12795,1.001132599,0.7941046168,1.508860028e-05
0.12895,1.001173232,0.8001114939,3.669122996e-05
0.12995,1.00132063,0.8061189597,5.212388807e-05
0.13095,1.00154728,0.8121275703,6.079455043e-05
0.13195,1.001822179,0.8181377045,6.272409547e-05
0.13295,1.002113735,0.8241495523,5.848034224e-05
0.13395,1.002392393,0.8301631196,4.90744199e-05
0.13495,1.002632833,0.8361782476,3.583186603e-05
0.13595,1.002815589,0.8421946432,2.025161166e-05
0.13695,1.002928019,0.848211918,3.865618079e-06
0.13795,1.002964618,0.85422963,-1.18894606e-05
0.13895,1.002926717,0.8602473258,-2.577938863e-05
0.13995,1.002821657,0.8662645795,-3.685172777e-05
0.14095,1.002661556,0.8722810246,-4.448392156e-05
0.14195,1.002461824,0.8782963782,-4.839944668e-05
0.14295,1.002239554,0.884310456,-4.865406302e-05
0.14395,1.002011954,0.890323177,-4.559641898e-05
0.14495,1.001794932,0.8963345599,-3.980891215e-05
0.14595,1.00160193,0.9023447115,-3.203569692e-05
0.14695,1.00144309,0.9083538093,-2.310505523e-05
0.14795,1.001324767,0.9143620795,-1.385304962e-05
0.14895,1.001249413,0.9203697747,-5.054547966e-06
0.14995,1.001215779,0.9263771498,2.633530711e-06
0.15095,1.001219407,0.9323844424,8.713404199e-06
0.15195,1.001253327,0.9383918551,1.287032361e-05
0.15295,1.001308889,0.9443995427,1.497904362e-05
0.15395,1.001376642,0.9504076057,1.509416636e-05
0.15495,1.001447187,0.9564160875,1.342683693e-05
0.15595,1.001511939,0.9624249774,1.031112167e-05
0.15695,1.001563735,0.9684342176,6.163891477e-06
0.15795,1.001597275,0.9744437128,1.442161766e-06
0.15895,1.00160935,0.9804533427,-3.398366996e-06
0.15995,1.00159889,0.9864629743,-7.940314201e-06
0.16095,1.00156682,0.9924724746,-1.183462011e-05
0.16195,1.001515781,0.9984817216,-1.482183173e-05
0.16295,1.001449726,1.004490613,-1.674385232e-05
0.16395,1.001373467,1.010499075,-1.754619658e-05
0.16495,1.001292184,1.016507061,-1.727156341e-05
0.16595,1.001210971,1.022514558,-1.604616042e-05
0.16695,1.001134423,1.028521581,-1.406065521e-05
0.16795,1.001066315,1.034528169,-1.154786948e-05
0.16895,1.001009379,1.040534383,-8.759375903e-06
0.16995,1.000965192,1.046540296,-5.943020654e-06
0.17095,1.000934164,1.052545984,-3.323106649e-06
0.17195,1.000915628,1.058551526,-1.084574073e-06
0.17295,1.000908008,1.064556992,6.379514844e-07
0.17395,1.000909038,1.07056244,1.765860898e-06
0.17495,1.000916022,1.076567914,2.277099107e-06
0.17595,1.000926099,1.082573441,2.20203613e-06
0.17695,1.000936486,1.088579031,1.615497419e-06
0.17795,1.000944705,1.094584677,6.260059444e-07
0.17895,1.000948745,1.100590359,-6.365946566e-07
0.17995,1.000947181,1.106596049,-2.033957178e-06
0.18095,1.000939225,1.112601709,-3.43139721e-06
0.18195,1.000924724,1.118607302,-4.708485237e-06
0.18295,1.000904107,1.124612787,-5.767366097e-06
0.18395,1.000878283,1.130618132,-6.538365933e-06
0.18495,1.000848524,1.13662331,-6.982713998e-06
0.18595,1.000816315,1.1426283,-7.092459978e-06
0.18695,1.000783214,1.148633094,-6.887887635e-06
0.18795,1.000750715,1.154637691,-6.412898146e-06
0.18895,1.000720136,1.160642098,-5.728952356e-06
0.18995,1.000692525,1.16664633,-4.908216887e-06
0.19095,1.000668602,1.172650409,-4.026556274e-06
0.19195,1.00064874,1.178654356,-3.156958547e-06
0.19295,1.000632965,1.184658197,-2.363884735e-06
0.19395,1.00062099,1.190661956,-1.698906014e-06
0.19495,1.000612275,1.196665653,-1.197849148e-06
0.19595,1.000606092,1.202669307,-8.795247236e-07
0.19695,1.000601606,1.208672929,-7.459759216e-07
0.19795,1.000597955,1.214676527,-7.840680646e-07
0.19895,1.000594319,1.220680103,-9.681487983e-07
0.19995,1.000589987,1.226683655,-1.263449777e-06
0.20095,1.000584397,1.232687178,-1.629874804e-06
0.20195,1.000577172,1.238690663,-2.025825112e-06
0.20295,1.000568125,1.244694098,-2.411746044e-06
0.20395,1.00055726,1.250697473,-2.753135254e-06
0.20495,1.000544746,1.256700778,-3.02282365e-06
0.20595,1.000530888,1.262704003,-3.202419418e-06
0.20695,1.000516088,1.268707142,-3.282885154e-06
0.20795,1.000500798,1.274710191,-3.26429198e-06
0.20895,1.000485484,1.280713147,-3.154856967e-06
0.20995,1.00047058,1.286716013,-2.969417495e-06
0.21095,1.000456458,1.292718791,-2.727525951e-06
0.21195,1.000443405,1.298721489,-2.4513599e-06
0.21295,1.000431608,1.304724111,-2.163637417e-06
0.21395,1.000421145,1.310726668,-1.885706998e-06
0.21495,1.000411994,1.316729165,-1.635949427e-06
0.21595,1.000404046,1.322731612,-1.428589175e-06
0.21695,1.000397116,1.328734014,-1.272969278e-06
0.21795,1.000390974,1.334736377,-1.173300199e-06
0.21895,1.000385362,1.340738705,-1.128853448e-06
0.21995,1.000380021,1.346741,-1.134537533e-06
0.22095,1.00037471,1.352743264,-1.181769214e-06
0.22195,1.000369225,1.358745495,-1.259538055e-06
0.22295,1.00036341,1.364747692,-1.355557238e-06
0.22395,1.000357166,1.370749853,-1.457397774e-06
0.22495,1.000350451,1.376751975,-1.553515404e-06
0.22595,1.000343281,1.382754055,-1.634097709e-06
0.22695,1.000335715,1.388756091,-1.691681264e-06
0.22795,1.000327854,1.394758081,-1.721512595e-06
0.22895,1.000319821,1.400760023,-1.721650421e-06
0.22995,1.000311755,1.406761916,-1.692827943e-06
0.23095,1.000303791,1.412763761,-1.638111585e-06
0.23195,1.000296054,1.41876556,-1.562405339e-06
0.23295,1.000288648,1.424767313,-1.471857315e-06
0.23395,1.000281649,1.430769022,-1.373227122e-06
0.23495,1.000275103,1.436770691,-1.273269755e-06
0.23595,1.000269024,1.442772323,-1.178184485e-06
0.23695,1.000263395,1.448773919,-1.093166862e-06
0.23795,1.000258177,1.454775483,-1.022089528e-06
0.23895,1.000253307,1.460777016,-9.673243601e-07
0.23995,1.000248712,1.466778522,-9.297056266e-07
0.24095,1.000244312,1.47278,-9.086223565e-07
0.24195,1.00024003,1.478781452,-9.022188603e-07
0.24295,1.000235795,1.484782879,-9.076757046e-07
0.24395,1.000231548,1.49078428,-9.21539804e-07
0.24495,1.000227245,1.496785656,-9.400715698e-07
0.24595,1.000222861,1.502787006,-9.595790285e-07
0.24695,1.000218386,1.508788329,-9.767130396e-07
0.24795,1.000213829,1.514789625,-9.887036256e-07
0.24895,1.00020921,1.520790893,-9.935243246e-07
0.24995,1.00020456,1.526792134,-9.899787145e-07
0.25095,1.000199917,1.532793347,-9.777102159e-07
0.25195,1.000195322,1.538794532,-9.571424207e-07
0.25295,1.000190814,1.54479569,-9.293620934e-07
0.25395,1.000186428,1.550796821,-8.959603948e-07
0.25495,1.000182192,1.556797926,-8.588496512e-07
0.25595,1.000178126,1.562799006,-8.200731698e-07
0.25695,1.00017424,1.568800062,-7.816243317e-07
0.25795,1.000170534,1.574801096,-7.452887378e-07
0.25895,1.000167,1.580802108,-7.125198569e-07
0.25995,1.000163624,1.586803099,-6.843547994e-07
0.26095,1.000160386,1.592804071,-6.61372876e-07
0.26195,1.000157261,1.598805023,-6.436958317e-07
0.26295,1.000154224,1.604805957,-6.310253656e-07
0.26395,1.000151253,1.610806873,-6.227109698e-07
0.26495,1.000148325,1.616807772,-6.178393758e-07
0.26595,1.000145425,1.622808652,-6.15336052e-07
0.26695,1.000142539,1.628809516,-6.140692149e-07
0.26795,1.00013966,1.634810362,-6.129476104e-07
0.26895,1.000136786,1.640811191,-6.110047489e-07
0.26995,1.000133921,1.646812003,-6.074641461e-07
0.27095,1.000131071,1.652812797,-6.017822443e-07
0.27195,1.000128244,1.658813575,-5.936678544e-07
0.27295,1.000125453,1.664814335,-5.830789964e-07
0.27395,1.000122709,1.670815079,-5.701997652e-07
0.27495,1.000120023,1.676815807,-5.554012019e-07
0.27595,1.000117404,1.682816519,-5.391910375e-07
0.27695,1.000114859,1.688817215,-5.221575727e-07
0.27795,1.000112393,1.694817897,-5.04912882e-07
0.27895,1.000110008,1.700818564,-4.880400445e-07
0.27995,1.000107702,1.706819216,-4.720482787e-07
0.28095,1.000105472,1.712819855,-4.57338811e-07
0.28195,1.000103312,1.718820481,-4.441831342e-07
0.28295,1.000101216,1.724821095,-4.327141285e-07
0.28395,1.000099175,1.730821696,-4.2292942e-07
0.28495,1.000097182,1.736822284,-4.147054202e-07
0.28595,1.00009523,1.742822861,-4.078197813e-07
0.28695,1.000093311,1.748823427,-4.019795543e-07
0.28795,1.000091421,1.75482398,-3.968521561e-07
0.28895,1.000089555,1.760824523,-3.920963275e-07
0.28995,1.000087712,1.766825055,-3.87390558e-07
0.29095,1.000085892,1.772825575,-3.824569275e-07
0.29195,1.000084094,1.778826085,-3.770788992e-07
0.29295,1.000082321,1.784826584,-3.711122506e-07
0.29395,1.000080576,1.790827072,-3.644889684e-07
0.29495,1.00007886,1.79682755,-3.572145287e-07
0.29595,1.000077178,1.802828018,-3.493594772e-07
0.29695,1.000075532,1.808828476,-3.410465944e-07
0.29795,1.000073925,1.814828924,-3.324351526e-07
0.29895,1.000072357,1.820829363,-3.237038555e-07
0.29995,1.000070831,1.826829792,-3.150339877e-07
0.30095,1.000069345,1.832830212,-3.065941253e-07
0.30195,1.000067898,1.838830624,-2.985274917e-07
0.30295,1.00006649,1.844831027,-2.909427097e-07
0.30395,1.000065119,1.850831421,-2.839083496e-07
0.30495,1.00006378,1.856831808,-2.774513183e-07
0.30595,1.000062473,1.862832186,-2.715588179e-07
0.30695,1.000061194,1.868832557,-2.661833407e-07
0.30795,1.00005994,1.87483292,-2.612499738e-07
0.30895,1.000058711,1.880833276,-2.566651763e-07
0.30995,1.000057503,1.886833625,-2.523261588e-07
0.31095,1.000056315,1.892833966,-2.481300374e-07
0.31195,1.000055148,1.8988343,-2.439820396e-07
0.31295,1.000054,1.904834627,-2.398021926e-07
0.31395,1.000052872,1.910834948,-2.355301077e-07
0.31495,1.000051763,1.916835262,-2.311276701e-07
0.31595,1.000050675,1.922835569,-2.265796351e-07
0.31695,1.000049608,1.928835869,-2.218923009e-07
0.31795,1.000048563,1.934836164,-2.17090568e-07
0.31895,1.000047541,1.940836452,-2.122137941e-07
0.31995,1.000046541,1.946836734,-2.073109086e-07
0.32095,1.000045564,1.95283701,-2.024352623e-07
0.32195,1.00004461,1.95883728,-1.976396605e-07
0.32295,1.000043678,1.964837545,-1.929719638e-07
0.32395,1.000042769,1.970837804,-1.884715573e-07
0.32495,1.00004188,1.976838058,-1.841668835e-07
0.32595,1.000041013,1.982838307,-1.80074129e-07
0.32695,1.000040164,1.98883855,-1.761970511e-07
0.32795,1.000039334,1.994838788,-1.725278382e-07
0.32895,1.000038522,2.000839022,-1.690488271e-07
0.32995,1.000037725,2.006839251,-1.657348444e-07
0.33095,1.000036945,2.012839474,-1.625559184e-07
0.33195,1.00003618,2.018839694,-1.594801004e-07
0.33295,1.000035429,2.024839908,-1.564761538e-07
0.33395,1.000034692,2.030840119,-1.535159051e-07
0.33495,1.00003397,2.036840324,-1.505761023e-07
0.33595,1.000033261,2.042840526,-1.47639679e-07
0.33695,1.000032566,2.048840723,-1.44696384e-07
0.33795,1.000031884,2.054840917,-1.417427924e-07
0.33895,1.000031217,2.060841106,-1.387817602e-07
0.33995,1.000030563,2.066841291,-1.358214278e-07
0.34095,1.000029923,2.072841472,-1.328738981e-07
0.34195,1.000029297,2.07884165,-1.299537332e-07
0.34295,1.000028685,2.084841824,-1.270764098e-07
0.34395,1.000028086,2.090841994,-1.242568649e-07
0.34495,1.000027501,2.096842161,-1.215082388e-07
0.34595,1.000026929,2.102842324,-1.188408997e-07
0.34695,1.000026369,2.108842484,-1.162617972e-07
0.34795,1.000025821,2.11484264,-1.137741656e-07
0.34895,1.000025285,2.120842794,-1.113775614e-07
0.34995,1.00002476,2.126842944,-1.090682e-07
0.35095,1.000024247,2.13284309,-1.068395302e-07
0.35195,1.000023744,2.138843234,-1.046829763e-07
0.35295,1.000023251,2.144843375,-1.025887688e-07
0.35395,1.000022768,2.150843513,-1.005467873e-07
0.35495,1.000022294,2.156843648,-9.854734485e-08
0.35595,1.00002183,2.162843781,-9.658185692e-08
0.35695,1.000021375,2.16884391,-9.464335119e-08
0.35795,1.00002093,2.174844037,-9.272679454e-08
0.35895,1.000020493,2.180844161,-9.082922918e-08
0.35995,1.000020065,2.186844283,-8.894972644e-08
0.36095,1.000019646,2.192844402,-8.708918175e-08
0.36195,1.000019236,2.198844519,-8.524998388e-08
0.36295,1.000018835,2.204844633,-8.343559811e-08
0.36395,1.000018442,2.210844744,-8.165010719e-08
0.36495,1.000018057,2.216844854,-7.989775128e-08
0.36595,1.000017681,2.222844961,-7.818250439e-08
0.36695,1.000017312,2.228845066,-7.650771838e-08
0.36795,1.000016952,2.234845169,-7.48758565e-08
0.36895,1.000016599,2.240845269,-7.328832787e-08
0.36995,1.000016254,2.246845368,-7.174542719e-08
0.37095,1.000015916,2.252845464,-7.024637234e-08
0.37195,1.000015585,2.258845559,-6.878942692e-08
0.37295,1.000015261,2.264845651,-6.737208925e-08
0.37395,1.000014944,2.270845742,-6.599132477e-08
0.37495,1.000014633,2.27684583,-6.46438183e-08
0.37595,1.000014329,2.282845917,-6.332622444e-08
0.37695,1.00001403,2.288846002,-6.203539477e-08
0.37795,1.000013738,2.294846086,-6.076856615e-08
0.37895,1.000013452,2.300846167,-5.95234991e-08
0.37995,1.000013172,2.306846247,-5.829855983e-08
0.38095,1.000012897,2.312846325,-5.709274515e-08
0.38195,1.000012628,2.318846402,-5.590565451e-08
0.38295,1.000012365,2.324846477,-5.473741654e-08
0.38395,1.000012107,2.33084655,-5.358858118e-08
0.38495,1.000011855,2.336846622,-5.245998964e-08
0.38595,1.000011608,2.342846692,-5.135263502e-08
0.38695,1.000011366,2.348846761,-5.02675262e-08
0.38795,1.000011129,2.354846828,-4.920556514e-08
0.38895,1.000010897,2.360846894,-4.8167447e-08
0.38995,1.00001067,2.366846959,-4.715358826e-08
0.39095,1.000010448,2.372847022,-4.616408577e-08
0.39195,1.000010231,2.378847084,-4.519870666e-08
0.39295,1.000010018,2.384847145,-4.42569077e-08
0.39395,1.00000981,2.390847205,-4.333787767e-08
0.39495,1.000009605,2.396847263,-4.24405986e-08
0.39595,1.000009406,2.40284732,-4.15639178e-08
0.39695,1.00000921,2.408847376,-4.070662411e-08
0.39795,1.000009018,2.41484743,-3.986752131e-08
0.39895,1.00000883,2.420847484,-3.904549378e-08
0.39995,1.000008646,2.426847536,-3.823955894e-08
0.40095,1.000008466,2.432847588,-3.744890384e-08
0.40195,1.00000829,2.438847638,-3.667290541e-08
0.40295,1.000008117,2.444847687,-3.591113276e-08
0.40395,1.000007948,2.450847735,-3.516333481e-08
0.40495,1.000007782,2.456847782,-3.442941511e-08
0.40595,1.00000762,2.462847829,-3.370939681e-08
0.40695,1.000007462,2.468847874,-3.300338259e-08
0.40795,1.000007306,2.474847918,-3.231151261e-08
0.40895,1.000007154,2.480847961,-3.163392428e-08
0.40995,1.000007005,2.486848004,-3.097071725e-08
0.41095,1.000006859,2.492848045,-3.032192525e-08
0.41195,1.000006716,2.498848086,-2.968749729e-08
0.41295,1.000006576,2.504848126,-2.906728766e-08
0.41395,1.000006439,2.510848165,-2.846105571e-08
0.41495,1.000006305,2.516848203,-2.786847324e-08
0.41595,1.000006174,2.522848241,-2.728913935e-08
0.41695,1.000006046,2.528848277,-2.672259963e-08
0.41795,1.00000592,2.534848313,-2.616836839e-08
0.41895,1.000005797,2.540848348,-2.56259514e-08
0.41995,1.000005676,2.546848383,-2.50948675e-08
0.42095,1.000005558,2.552848416,-2.457466718e-08
0.42195,1.000005442,2.558848449,-2.406494703e-08
0.42295,1.000005329,2.564848482,-2.356535928e-08
0.42395,1.000005218,2.570848513,-2.307561636e-08
0.42495,1.000005109,2.576848544,-2.259549028e-08
0.42595,1.000005003,2.582848574,-2.212480762e-08
0.42695,1.000004898,2.588848604,-2.16634411e-08
0.42795,1.000004796,2.594848633,-2.12112983e-08
0.42895,1.000004696,2.600848662,-2.076830941e-08
0.42995,1.000004599,2.60684869,-2.033441465e-08
0.43095,1.000004503,2.612848717,-1.990955244e-08
0.43195,1.000004409,2.618848744,-1.94936492e-08
0.43295,1.000004317,2.62484877,-1.908661201e-08
0.43395,1.000004227,2.630848795,-1.868832325e-08
0.43495,1.000004139,2.63684882,-1.829863854e-08
0.43595,1.000004053,2.642848845,-1.791738734e-08
0.43695,1.000003969,2.648848869,-1.75443758e-08
0.43795,1.000003886,2.654848893,-1.717939152e-08
0.43895,1.000003805,2.660848916,-1.682220967e-08
0.43995,1.000003726,2.666848938,-1.647259968e-08
0.44095,1.000003648,2.67284896,-1.613033201e-08
0.44195,1.000003572,2.678848982,-1.579518451e-08
0.44295,1.000003498,2.684849003,-1.546694745e-08
0.44395,1.000003425,2.690849024,-1.51454275e-08
0.44495,1.000003354,2.696849044,-1.483045026e-08
0.44595,1.000003284,2.702849064,-1.452186102e-08
0.44695,1.000003216,2.708849084,-1.421952418e-08
0.44795,1.000003149,2.714849103,-1.392332144e-08
0.44895,1.000003083,2.720849121,-1.36331488e-08
0.44995,1.000003019,2.72684914,-1.334891345e-08
0.45095,1.000002956,2.732849158,-1.30705294e-08
0.45195,1.000002894,2.738849175,-1.27979142e-08
0.45295,1.000002834,2.744849192,-1.253098528e-08
0.45395,1.000002775,2.750849209,-1.22696571e-08
0.45495,1.000002717,2.756849226,-1.201383902e-08
0.45595,1.000002661,2.762849242,-1.176343399e-08
0.45695,1.000002605,2.768849258,-1.151833822e-08
0.45795,1.000002551,2.774849273,-1.127844134e-08
0.45895,1.000002498,2.780849288,-1.104362766e-08
0.45995,1.000002446,2.786849303,-1.081377732e-08
0.46095,1.000002395,2.792849318,-1.058876872e-08
0.46195,1.000002345,2.798849332,-1.036848e-08
0.46295,1.000002296,2.804849346,-1.01527914e-08
0.46395,1.000002248,2.810849359,-9.941586745e-09
0.46495,1.000002202,2.816849373,-9.734755151e-09
0.46595,1.000002156,2.822849386,-9.5321919e-09
0.46695,1.000002111,2.828849398,-9.333799011e-09
0.46795,1.000002067,2.834849411,-9.139485515e-09
0.46895,1.000002024,2.840849423,-8.949166878e-09
0.46995,1.000001982,2.846849435,-8.762764713e-09
0.47095,1.00000194,2.852849447,-8.580205258e-09
0.47195,1.0000019,2.858849459,-8.401418989e-09
0.47295,1.00000186,2.86484947,-8.226338754e-09
0.47395,1.000001822,2.870849481,-8.054899215e-09
0.47495,1.000001784,2.876849492,-7.887035568e-09
0.47595,1.000001747,2.882849502,-7.722682707e-09
0.47695,1.00000171,2.888849513,-7.561774564e-09
0.47795,1.000001675,2.894849523,-7.404244034e-09
0.47895,1.00000164,2.900849533,-7.250022753e-09
0.47995,1.000001606,2.906849542,-7.099041171e-09
0.48095,1.000001572,2.912849552,-6.951229034e-09
0.48195,1.000001539,2.918849561,-6.806515655e-09
0.48295,1.000001507,2.92484957,-6.664830743e-09
0.48395,1.000001476,2.930849579,-6.526104853e-09
0.48495,1.000001445,2.936849588,-6.390269891e-09
0.48595,1.000001415,2.942849597,-6.257259741e-09
0.48695,1.000001386,2.948849605,-6.127010724e-09
0.48795,1.000001357,2.954849613,-5.999461548e-09
0.48895,1.000001329,2.960849621,-5.874553618e-09
0.48995,1.000001301,2.966849629,-5.752231123e-09
0.49095,1.000001274,2.972849637,-5.632440725e-09
0.49195,1.000001247,2.978849645,-5.515131417e-09
0.49295,1.000001221,2.984849652,-5.400254136e-09
0.49395,1.000001196,2.990849659,-5.28776154e-09
0.49495,1.000001171,2.996849666,-5.177607477e-09
0.49595,1.000001147,3.002849673,-5.069746699e-09
0.49695,1.000001123,3.00884968,-4.964134626e-09
0.49795,1.000001099,3.014849687,-4.860727142e-09
0.49895,1.000001076,3.020849693,-4.75948015e-09
0.49995,1.000001054,3.0268497,-4.660349868e-09
