time_ms,reference_A,current_mean_A,across_pulse_std_A
-6.4,0,0.1610549318,0.2258291552
-6.35,0,0.1967791209,0.233425134
-6.3,0,0.128029302,0.1903105709
-6.25,0,0.1538978096,0.1827633061
-6.2,0,0.09520083643,0.2179478298
-6.15,0,0.1814774445,0.1818757038
-6.1,0,0.1010321772,0.1964237014
-6.05,0,0.1432919828,0.1846845385
-6,0,0.08298727978,0.2055457016
-5.95,0,0.1420655048,0.1736561007
-5.9,0,0.09010635177,0.1932788233
-5.85,0,0.1134135111,0.1943178838
-5.8,0,0.08052831155,0.1987575407
-5.75,0,0.1195783076,0.1808358433
-5.7,0,0.06772273884,0.2094409757
-5.65,0,0.09339326504,0.1993067933
-5.6,0,0.06768514006,0.1954395755
-5.55,0,0.1012634239,0.2022141406
-5.5,0,0.06269116799,0.2163209914
-5.45,0,0.08556944906,0.2064786378
-5.4,0,0.04948194721,0.2092759689
-5.35,0,0.101478798,0.1921183851
-5.3,0,0.05198350968,0.2481106649
-5.25,0,0.07091061445,0.2243987239
-5.2,0,0.04295065813,0.2220183021
-5.15,0,0.0709635613,0.2104516361
-5.1,0,0.04759403039,0.2311600087
-5.05,0,0.06617771246,0.2130857637
-5,0,0.03963033599,0.2241839466
-4.95,0,0.05051564123,0.2133434232
-4.9,0,0.02510691993,0.255352411
-4.85,0,0.03833677547,0.2209569585
-4.8,0,0.05301866075,0.2143739811
-4.75,0,0.03744675065,0.2108399655
-4.7,0,0.04491762631,0.2429351362
-4.65,0,0.0424963804,0.2111577057
-4.6,0,0.0357817444,0.2205695293
-4.55,0,0.03830322172,0.215990089
-4.5,0,0.03067758074,0.2407393011
-4.45,0,0.03243750372,0.206708176
-4.4,0,0.04059811262,0.2082218642
-4.35,0,0.01999994484,0.2165782552
-4.3,0,0.03774829046,0.2299684015
-4.25,0,0.02268423233,0.2010190531
-4.2,0,0.06801793442,0.2124929481
-4.15,0,0.01957219583,0.2198435643
-4.1,0,0.05060303537,0.2054866468
-4.05,0,0.007794430479,0.2122076662
-4,0,0.04317480835,0.1938229624
-3.95,0,0.01228800416,0.2203976283
-3.9,0,0.04310367256,0.2147069746
-3.85,0,0.01292883605,0.1954258941
-3.8,0,0.0502409164,0.1784409125
-3.75,0,0.0175392786,0.2282137824
-3.7,0,0.0306848078,0.1963149746
-3.65,0,0.026950703,0.1832772949
-3.6,0,0.01555322294,0.1844109021
-3.55,0,0.01507071289,0.2140761998
-3.5,0,0.03090394457,0.1874549487
-3.45,0,0.005535368109,0.1957662605
-3.4,0,0.02036141252,0.1888239311
-3.35,0,0.004904035595,0.2059003412
-3.3,0,0.02982884427,0.1923287243
-3.25,0,0.01484321011,0.2141433269
-3.2,0,0.01286903513,0.2018083639
-3.15,0,0.004697466997,0.2087798951
-3.1,0,0.01548187016,0.198246225
-3.05,0,-0.002403730992,0.2159466836
-3,0,0.002377434983,0.2185743788
-2.95,0,-1.386704389e-05,0.209670474
-2.9,0,0.02780478587,0.2007595063
-2.85,0,-0.01043599856,0.2261739211
-2.8,0,0.01030144328,0.2209406871
-2.75,0,-0.01779286214,0.2211066148
-2.7,0,0.02254755635,0.2272363968
-2.65,0,0.00690621385,0.2215969817
-2.6,0,0.01490325644,0.2251600805
-2.55,0,-0.02067809133,0.2291727493
-2.5,0,0.02555016591,0.2181038374
-2.45,0,-0.004978400975,0.2134522006
-2.4,0,0.0298927525,0.2278997569
-2.35,0,-0.01295970869,0.2289842619
-2.3,0,0.0004898591433,0.2252383592
-2.25,0,-0.003048599116,0.2349637097
-2.2,0,0.0148884283,0.2204536846
-2.15,0,-0.00749953356,0.2331171374
-2.1,0,-0.002718068892,0.229052039
-2.05,0,0.009483217727,0.2114980812
-2,0,0.02227888349,0.2256157436
-1.95,0,-0.0005332818255,0.2284001364
-1.9,0,0.005206975329,0.1985361153
-1.85,0,0.01536897896,0.2167446669
-1.8,0,0.001820962178,0.2024526448
-1.75,0,0.02816943621,0.2000136511
-1.7,0,-3.713485785e-05,0.1975255591
-1.65,0,0.01504621306,0.2244398655
-1.6,0,0.007288845023,0.2059618926
-1.55,0,0.01263585343,0.2088232972
-1.5,0,-0.01760344533,0.2227748718
-1.45,0,0.009913136862,0.1884424382
-1.4,0,0.0001035865862,0.1947818177
-1.35,0,0.01510528824,0.1877049103
-1.3,0,-0.0001426239032,0.2080980203
-1.25,0,0.01815097302,0.188069635
-1.2,0,-0.00278189755,0.1994730174
-1.15,0,0.007407178287,0.1835732078
-1.1,0,-0.004962616833,0.2105583309
-1.05,0,0.02051302977,0.1997783405
-1,0,-0.0176783076,0.2106500991
-0.95,0,0.01243650529,0.1714434191
-0.9,0,-0.01234420418,0.2107663472
-0.85,0,0.005409877049,0.198472731
-0.8,0,-0.01565226653,0.2043807245
-0.75,0,0.01511723115,0.1837821496
-0.7,0,-0.02230599616,0.2189537399
-0.65,0,0.02329204301,0.2007724085
-0.6,0,0.002660200815,0.2034913081
-0.55,0,0.01276268368,0.1979491811
-0.5,0,-0.04275724554,0.2138821274
-0.45,0,0.01504626437,0.2166468704
-0.4,0,0.009839319886,0.2172805052
-0.35,0,-0.005233594042,0.2211390091
-0.3,0,-0.02305100806,0.216677932
-0.25,0,0.007653601933,0.2325724264
-0.2,0,0.00982504178,0.225658935
-0.15,0,-0.01209535543,0.2242331439
-0.1,0,-0.02005591773,0.2275599542
-0.05,0,-0.002516270149,0.2090081732
0,0.200000003,-0.002590495365,0.2327185844
0.05,0.200000003,0.03471063008,0.2313746369
0.1,0.200000003,0.01968418027,0.2265293589
0.15,0.200000003,0.05830727078,0.2289597044
0.2,0.200000003,0.0681945578,0.2341746008
0.25,0.200000003,0.1004591244,0.2283641013
0.3,0.200000003,0.06219982682,0.2207181188
0.35,0.200000003,0.1002926715,0.2156757684
0.4,0.200000003,0.08082229807,0.2326508874
0.45,0.200000003,0.1206003227,0.2295662349
0.5,0.200000003,0.08993396821,0.2273525273
0.55,0.200000003,0.1009351094,0.2069668679
0.6,0.200000003,0.1079083076,0.2191738494
0.65,0.200000003,0.138157336,0.2061877967
0.7,0.200000003,0.1011815267,0.2061856876
0.75,0.200000003,0.1035068424,0.2103378849
0.8,0.200000003,0.1235446995,0.1953099466
0.85,0.200000003,0.1483273472,0.1849167872
0.9,0.200000003,0.108040154,0.2182704352
0.95,0.200000003,0.1282416522,0.1966247677
1,0.200000003,0.1308188275,0.2093296771
1.05,0.200000003,0.1456567628,0.1871492639
1.1,0.200000003,0.1303197024,0.1905510005
1.15,0.200000003,0.1434573716,0.2029373705
1.2,0.200000003,0.1433502817,0.2118542595
1.25,0.200000003,0.1460785986,0.171676254
1.3,0.200000003,0.143701253,0.1894654048
1.35,0.200000003,0.1441021328,0.2092252124
1.4,0.200000003,0.1638041844,0.1968840389
1.45,0.200000003,0.1532529059,0.1747070568
1.5,0.200000003,0.1250646892,0.2016098015
1.55,0.200000003,0.1541675571,0.2218789764
1.6,0.200000003,0.1690397193,0.1979375809
1.65,0.200000003,0.1484316217,0.1926117236
1.7,0.200000003,0.1352473092,0.2091713924
1.75,0.200000003,0.1666979901,0.1939378414
1.8,0.200000003,0.1812421354,0.1874990302
1.85,0.200000003,0.165662791,0.1993954825
1.9,0.200000003,0.1257205541,0.2034952207
1.95,0.200000003,0.1749451817,0.2035555092
2,0.200000003,0.1764259082,0.1862944504
2.05,0.200000003,0.1712361942,0.2034739541
2.1,0.200000003,0.1426412358,0.2173588816
2.15,0.200000003,0.159424331,0.1919201196
2.2,0.200000003,0.1814548508,0.1989793681
2.25,0.200000003,0.18847244,0.2105351007
2.3,0.200000003,0.1524921076,0.2237864358
2.35,0.200000003,0.1592131143,0.2066341985
2.4,0.200000003,0.1814694951,0.2096156462
2.45,0.200000003,0.1762690814,0.1928328973
2.5,0.200000003,0.1598816236,0.2340666979
2.55,0.200000003,0.1534210795,0.2072584719
2.6,0.200000003,0.189489742,0.2037004073
2.65,0.200000003,0.1760395775,0.2026802044
2.7,0.200000003,0.180562176,0.2237491872
2.75,0.200000003,0.1542864598,0.2184338299
2.8,0.200000003,0.1835816651,0.2138563596
2.85,0.200000003,0.1783941807,0.2085675436
2.9,0.200000003,0.1929835845,0.2231686048
2.95,0.200000003,0.1515079603,0.2148962248
3,0.200000003,0.1942048306,0.2173536066
3.05,0.200000003,0.1656401202,0.2192618586
3.1,0.200000003,0.1938414881,0.209407637
3.15,0.200000003,0.1639289497,0.2239929234
3.2,0.200000003,0.1889639413,0.2104790731
3.25,0.200000003,0.1708848081,0.232983016
3.3,0.200000003,0.2011216292,0.2039583732
3.35,0.200000003,0.1538660424,0.2368397353
3.4,0.200000003,0.1962433272,0.2177668734
3.45,0.200000003,0.1691718795,0.2180003136
3.5,0.200000003,0.2190146528,0.1792558253
3.55,0.200000003,0.1635035393,0.2214390087
3.6,0.200000003,0.2019136453,0.2192312967
3.65,0.200000003,0.1734510312,0.2110863523
3.7,0.200000003,0.2092648707,0.1775629247
3.75,0.200000003,0.1584771392,0.2057879607
3.8,0.200000003,0.2244110298,0.2039524838
3.85,0.200000003,0.1913284402,0.2093621303
3.9,0.200000003,0.2013389444,0.1599885726
3.95,0.200000003,0.1515239815,0.1843328268
4,0.200000003,0.2279454828,0.205864478
4.05,0.200000003,0.1961415962,0.2043928662
4.1,0.200000003,0.1963075405,0.1740843575
4.15,0.200000003,0.1628681923,0.1969554395
4.2,0.200000003,0.2019180596,0.2176725678
4.25,0.200000003,0.2038528263,0.2071640111
4.3,0.200000003,0.2116254602,0.1667654698
4.35,0.200000003,0.158480923,0.1902416831
4.4,0.200000003,0.197210514,0.1868573698
4.45,0.200000003,0.201706849,0.2079468509
4.5,0.200000003,0.2015591396,0.2008689509
4.55,0.200000003,0.155163405,0.2163876472
4.6,0.200000003,0.1921795059,0.1954499644
4.65,0.200000003,0.216044941,0.2077410163
4.7,0.200000003,0.1995168407,0.2079830898
4.75,0.200000003,0.1803297671,0.2079051249
4.8,0.200000003,0.1826530665,0.2118900205
4.85,0.200000003,0.2064108446,0.213693306
4.9,0.200000003,0.204333914,0.215255365
4.95,0.200000003,0.1909385398,0.2168546121
5,0.200000003,0.1718420039,0.2137487609
5.05,0.200000003,0.2066272798,0.2215653028
5.1,0.200000003,0.2018603096,0.2189056202
5.15,0.200000003,0.205494079,0.2158353696
5.2,0.200000003,0.1514953924,0.222050842
5.25,0.200000003,0.2265514446,0.2140211707
5.3,0.200000003,0.1986383293,0.2036904724
5.35,0.200000003,0.1962922213,0.2265480445
5.4,0.200000003,0.1610276097,0.2240533198
5.45,0.200000003,0.2191635052,0.2141250926
5.5,0.200000003,0.1909279384,0.2152410453
5.55,0.200000003,0.2157809567,0.2183449117
5.6,0.200000003,0.1592175242,0.2406497393
5.65,0.200000003,0.2196920103,0.2078276583
5.7,0.200000003,0.1936009214,0.2172521748
5.75,0.200000003,0.2085050801,0.2002946394
5.8,0.200000003,0.1542810113,0.2289433544
5.85,0.200000003,0.2221699469,0.2098860054
5.9,0.200000003,0.1735673202,0.2241623106
5.95,0.200000003,0.2115062345,0.2057611687
6,0.200000003,0.1610346991,0.2267169403
6.05,0.200000003,0.2274020561,0.1962727236
6.1,0.200000003,0.185563464,0.2010640666
6.15,0.200000003,0.2043373641,0.1867526087
6.2,0.200000003,0.1755983802,0.2406358575
6.25,0.200000003,0.2401547197,0.1861507668
6.3,0.200000003,0.173021877,0.2189269504
6.35,0.200000003,0.2116183308,0.193881296
