frequency_Hz,gain_real,gain_imag,coherence
0,0.8579939149,0,0.9072844607
19.53125,0.955876556,-0.1237006782,0.9750625646
39.0625,0.8833049621,-0.2401050333,0.9939214912
58.59375,0.8419424179,-0.3058310009,0.9971682053
78.125,0.7539171006,-0.352854782,0.9924394377
97.65625,0.6712739526,-0.3831192561,0.9918918426
117.1875,0.5971552409,-0.3756038493,0.9919622451
136.71875,0.5491858492,-0.4114783492,0.9951039867
156.25,0.4984270885,-0.4189059393,0.9953246439
175.78125,0.4591252232,-0.3868217747,0.9920893631
195.3125,0.4400512415,-0.3826158433,0.9900671881
214.84375,0.409455259,-0.3713455094,0.992538199
234.375,0.3926890997,-0.3406495357,0.9936118545
253.90625,0.3714868801,-0.332646579,0.9833401332
273.4375,0.3377372301,-0.3247942556,0.953778034
292.96875,0.3076333991,-0.2719873808,0.9240815398
312.5,0.3239473308,-0.2744873628,0.9636883242
332.03125,0.3571910426,-0.2682720651,0.9487772718
351.5625,0.2997105482,-0.2612545057,0.7787095078
371.09375,0.2921479016,-0.1670657203,0.8046829515
390.625,0.3153505977,-0.2191248348,0.8509595033
410.15625,0.2805307736,-0.2726930104,0.9174334487
429.6875,0.2815686446,-0.2669762214,0.9726861942
449.21875,0.3087153145,-0.2506572374,0.9609574367
468.75,0.311132836,-0.2344446663,0.9700216824
488.28125,0.2817282501,-0.2159531501,0.9620165472
507.8125,0.2628002193,-0.2360170942,0.9516322474
527.34375,0.2441156434,-0.2730356197,0.9305216616
546.875,0.2228321801,-0.297644839,0.9345772084
566.40625,0.208729123,-0.2963064475,0.9276734154
585.9375,0.2226894403,-0.269329363,0.9754425851
605.46875,0.2271538109,-0.2424341363,0.9862758188
625,0.2322439766,-0.2352611571,0.9840272278
644.53125,0.2507385565,-0.2421875548,0.9819814652
664.0625,0.2495628744,-0.2207334326,0.9529689128
683.59375,0.2664058036,-0.237491858,0.9669869541
703.125,0.2383260204,-0.2534168477,0.9848067791
722.65625,0.2298144594,-0.2448951156,0.9656558359
742.1875,0.2457074528,-0.2324031991,0.9613614363
761.71875,0.2406655827,-0.2206929603,0.9653992281
781.25,0.2144215121,-0.2147220762,0.9529376712
800.78125,0.2334314935,-0.2414535743,0.8749104091
820.3125,0.2247584439,-0.2240093163,0.9295573142
839.84375,0.1990861264,-0.2257684559,0.9455226779
859.375,0.201184475,-0.2319725581,0.9429681182
878.90625,0.1959893578,-0.2574846573,0.9550718259
898.4375,0.1741089564,-0.2302968781,0.9221277074
917.96875,0.1800814002,-0.2484139189,0.9146427021
937.5,0.2125778406,-0.2410196305,0.8763070261
957.03125,0.2074595518,-0.2061753979,0.9288508044
976.5625,0.2020565934,-0.2057020403,0.9771992498
996.09375,0.1878153401,-0.210337435,0.9796169075
1015.625,0.1925188784,-0.2203377348,0.9823515977
1035.15625,0.1754224162,-0.2168882461,0.9712361285
1054.6875,0.1763786407,-0.2076544719,0.9335514935
1074.21875,0.1896720233,-0.2528513416,0.9524579553
1093.75,0.2085164928,-0.264815957,0.9531206066
1113.28125,0.2173141143,-0.2618146386,0.9528115161
1132.8125,0.146751486,-0.2391718603,0.9427996475
1152.34375,0.1473433129,-0.2247127252,0.9306843611
1171.875,0.1278816739,-0.2283378651,0.8647723948
1191.40625,0.1475579214,-0.2007198747,0.9585701202
1210.9375,0.1582877718,-0.2204785701,0.9625887881
1230.46875,0.1669266713,-0.2333684731,0.969365583
1250,0.1642447897,-0.2340331179,0.9657463587
1269.53125,0.1258155972,-0.2552958829,0.8816370844
1289.0625,0.1111104455,-0.2274892543,0.8439549447
1308.59375,0.1244062593,-0.2541118448,0.8942330713
1328.125,0.1087915902,-0.2299351851,0.9217153038
1347.65625,0.1571099102,-0.2200810646,0.9641915643
1367.1875,0.1510593867,-0.2380275776,0.9780134713
1386.71875,0.1418428116,-0.2492695867,0.9287646499
1406.25,0.1572921038,-0.2766279013,0.9335192524
1425.78125,0.1346771257,-0.292427994,0.9502577361
1445.3125,0.119874769,-0.2501434311,0.9605806956
1464.84375,0.115584075,-0.2584723782,0.9558906744
1484.375,0.08396655897,-0.254394257,0.8683495595
1503.90625,0.1574685396,-0.2315128989,0.8415439179
1523.4375,0.1893655054,-0.2813536564,0.8839850403
1542.96875,0.1241048649,-0.2671688882,0.965777215
1562.5,0.09848704194,-0.2518601068,0.919950498
1582.03125,0.08538228609,-0.2475110944,0.9149954989
1601.5625,0.1150412653,-0.2507910758,0.9484801462
1621.09375,0.09836353858,-0.2799045,0.9201420424
1640.625,0.1028112808,-0.2517175054,0.9058948472
1660.15625,0.106410543,-0.2479129694,0.9123919571
1679.6875,0.1124215774,-0.2358610182,0.95714334
1699.21875,0.1082199983,-0.2406166496,0.9203400174
1718.75,0.08505659294,-0.2310932243,0.9326088478
1738.28125,0.09038461605,-0.2844489191,0.9516557757
1757.8125,0.114485934,-0.2669688979,0.9539832658
1777.34375,0.1349207434,-0.2343090299,0.9360812001
1796.875,0.1408593266,-0.2416135775,0.8502721526
1816.40625,0.1048521551,-0.2533841178,0.826694962
1835.9375,0.09997755747,-0.2306228401,0.8880350447
1855.46875,0.08572028495,-0.229823335,0.9095809052
1875,0.06816630858,-0.2370511352,0.9476295067
1894.53125,0.06356953401,-0.2354716587,0.8999208964
1914.0625,0.07773135394,-0.2716634991,0.9177447876
1933.59375,0.09191615165,-0.2439707229,0.8663995552
1953.125,0.08373213501,-0.1831091077,0.7813103752
1972.65625,0.02161698162,-0.1932465345,0.6804491443
1992.1875,0.05525298727,-0.2379941541,0.8411876775
2011.71875,0.03877614608,-0.250225847,0.8544477772
2031.25,0.03973947978,-0.2335186237,0.7483699336
2050.78125,0.06415619548,-0.2202800152,0.6333360184
2070.3125,0.06870002637,-0.2956436615,0.8966785602
2089.84375,0.05933403826,-0.2837368268,0.9275358387
2109.375,0.04243686212,-0.2524975962,0.9427727072
2128.90625,0.009746090073,-0.2434335188,0.949246949
2148.4375,0.02625641268,-0.2419509804,0.7222994284
2167.96875,0.05486703501,-0.2758821019,0.8070550649
2187.5,0.001979513022,-0.288501487,0.8508569843
2207.03125,0.03304118168,-0.2893898843,0.8200875937
2226.5625,0.03981027668,-0.2857228288,0.8401118206
2246.09375,-0.0120840795,-0.269000942,0.8331983498
2265.625,0.04565047327,-0.2624893117,0.8229719968
2285.15625,0.02153412195,-0.2395363412,0.8261732358
2304.6875,-0.00057211941,-0.2071604516,0.6578642764
2324.21875,-0.1022828531,-0.2289875902,0.7520960595
2343.75,-0.05563786276,-0.2328967558,0.8881455581
2363.28125,-0.01907252928,-0.2007172735,0.840009942
2382.8125,-0.0002403634683,-0.2035485302,0.8246725798
2402.34375,-0.02899373319,-0.2242762564,0.8364448887
2421.875,-0.08144772141,-0.2229686567,0.7368289573
2441.40625,-0.06304991357,-0.223066398,0.8022485675
2460.9375,-0.007094001708,-0.2236736192,0.6965462018
2480.46875,-0.03117619033,-0.1967126813,0.7982614372
2500,-0.00641083058,-0.1944407909,0.9422328878
2519.53125,-0.009832633937,-0.1919272999,0.9030612616
2539.0625,0.00732678326,-0.2345777168,0.8438394742
2558.59375,0.004236559157,-0.2291298722,0.7988085194
2578.125,0.005883051355,-0.2422305255,0.7775213005
2597.65625,-0.00167102649,-0.2370542466,0.795003725
2617.1875,0.07097707449,-0.2129436714,0.8457327838
2636.71875,0.07871516655,-0.1657852413,0.8084373583
2656.25,0.05140732441,-0.1787179222,0.5299899534
2675.78125,-0.0448969908,-0.2823927586,0.6093962163
2695.3125,0.02227884063,-0.2426003533,0.7623530769
2714.84375,0.0117746047,-0.2086051424,0.7710479551
2734.375,-0.08682971146,-0.2085115873,0.7112655428
2753.90625,-0.05583747968,-0.218423281,0.6965991344
2773.4375,-0.007250036359,-0.1783787374,0.6215294856
2792.96875,-0.01793777626,-0.1672403435,0.6842086033
2812.5,-0.0367090846,-0.1712636306,0.7984455061
2832.03125,-0.05718457955,-0.1501871652,0.5851107751
2851.5625,-0.1520043023,-0.2464895115,0.7296083401
2871.09375,-0.1370471222,-0.178481692,0.8300251329
2890.625,-0.04276739592,-0.1660294611,0.7902831154
2910.15625,-0.0006734695478,-0.1588483278,0.7583665235
2929.6875,-0.0311940575,-0.1955024138,0.7188446233
2949.21875,-0.06250973948,-0.2786336621,0.6913228842
2968.75,-0.0357656818,-0.1432041625,0.3917718975
2988.28125,-0.01949728936,-0.1532342464,0.5215916683
3007.8125,-0.05378364334,-0.1656960511,0.7098554072
3027.34375,-0.05823111231,-0.1638416766,0.6080031957
3046.875,-0.09529595015,-0.2092773781,0.792060654
3066.40625,-0.07427149366,-0.1794643534,0.7588547747
3085.9375,-0.04846388407,-0.2319542336,0.8224832721
3105.46875,-0.04156402,-0.2252003363,0.746857191
3125,-0.0609254506,-0.235306691,0.8016964968
3144.53125,-0.08703000778,-0.2382742697,0.7829177512
3164.0625,-0.179802777,-0.1808583627,0.6890510703
3183.59375,-0.1768772656,-0.1191231163,0.4126262408
3203.125,-0.1279201908,-0.2496324196,0.5812196268
3222.65625,-0.1146926138,-0.2017612047,0.7058247481
3242.1875,-0.1227097796,-0.1079775709,0.7308615001
3261.71875,-0.09825372644,-0.0951333616,0.2982419067
3281.25,-0.1116845784,-0.2019805173,0.5159211731
3300.78125,-0.003861444227,-0.05277312597,0.1055158824
3320.3125,-0.03391463273,-0.1427875855,0.279309848
3339.84375,-0.08894086127,-0.2294283588,0.4861755806
3359.375,-0.07535471916,-0.2040525868,0.4377862992
3378.90625,-0.06021317515,-0.3438969984,0.6910013943
3398.4375,-0.02100411565,-0.2348128814,0.5495741001
3417.96875,0.01838262618,-0.1398570177,0.3510741193
3437.5,-0.01713497012,-0.1152123724,0.3299594344
3457.03125,-0.04874743601,-0.09245910709,0.377608942
3476.5625,-0.04831284309,-0.1959364655,0.5673605688
3496.09375,-0.05253751298,-0.2183836888,0.4050889618
3515.625,-0.04078938185,-0.003623414487,0.02377145874
3535.15625,-0.06082721243,-0.07112013035,0.2321371928
3554.6875,-0.1585123585,-0.09863151267,0.5083024743
3574.21875,-0.1391906285,-0.1925941538,0.5211938054
3593.75,-0.2127642211,-0.1253731725,0.3678031031
3613.28125,-0.1209504936,-0.1124444546,0.3548577247
3632.8125,-0.100649387,-0.1781839304,0.7143268685
3652.34375,-0.08719070785,-0.1244578889,0.4624218747
3671.875,-0.07873012702,-0.1432246863,0.5592356108
3691.40625,-0.07813637823,-0.2210291234,0.5686265073
3710.9375,-0.05505713008,-0.1963847803,0.4204818863
3730.46875,-0.05787403267,-0.08613475218,0.2024498351
3750,-0.0999518025,-0.1135138047,0.3916166366
3769.53125,-0.084397861,-0.08390900142,0.2981881368
3789.0625,-0.1904062318,-0.08541477813,0.5451604226
3808.59375,-0.1755829824,-0.171485972,0.6427370088
3828.125,-0.1064546705,-0.2506449512,0.565053727
3847.65625,-0.1412421613,-0.1593954141,0.4657892184
3867.1875,-0.01205938063,-0.1336002719,0.5295880809
3886.71875,-0.05263281532,-0.1758108091,0.5348360505
3906.25,0.004931596432,-0.1613668846,0.1936099732
3925.78125,0.03542611013,-0.04416276026,0.03219287787
3945.3125,-0.1272586783,0.03382311156,0.1678532392
3964.84375,-0.2051220962,0.02357701814,0.5007176059
3984.375,-0.08697485561,-0.1407264892,0.2554108219
4003.90625,0.001194385606,-0.1981210731,0.3441964537
4023.4375,-0.04806104507,-0.06411092677,0.06285023843
4042.96875,-0.1681931852,-0.2208621854,0.1980220874
4062.5,-0.1059236935,-0.0945909747,0.06219916696
4082.03125,-0.05290821868,0.06602017522,0.03721780844
4101.5625,-0.1027240708,0.003051369572,0.03930591836
4121.09375,-0.1801197979,-0.1229819915,0.1499896175
4140.625,-0.139426034,-0.01339766142,0.03992074272
4160.15625,0.07587128865,-0.02368206193,0.0143302401
4179.6875,-0.0870624024,0.09308164997,0.07463581811
4199.21875,-0.02351779409,0.2792021265,0.3394645716
4218.75,-0.1888236723,-0.08429503428,0.158445231
4238.28125,-0.1716789803,-0.1571392412,0.1927019317
4257.8125,-0.005024088946,-0.1312172201,0.07319023669
4277.34375,-0.01418806983,-0.05372867527,0.01992357537
4296.875,-0.02290403474,-0.1460620256,0.07719770511
4316.40625,-0.08533709273,0.2996677758,0.1239650895
4335.9375,0.07044500465,0.347527037,0.1622576258
4355.46875,-0.07516327787,-0.2351129506,0.1523014728
4375,-0.3709991419,-0.1884170579,0.3802846022
4394.53125,-0.359350352,0.2693343757,0.4291121325
4414.0625,-0.380810913,-0.1214646281,0.2962494083
4433.59375,-0.283372968,-0.160200563,0.03709246041
4453.125,-0.08779165636,0.0006532246417,0.005665836591
4472.65625,-0.2795132897,0.2366930612,0.2635646026
4492.1875,-0.3271695064,-0.09209660051,0.1102136023
4511.71875,-0.1871608281,0.01944457901,0.007016012462
4531.25,-0.7179336382,0.8392889365,0.2157375915
4550.78125,-0.8255941081,0.6729104883,0.1270425086
4570.3125,-0.4050332052,-0.1495338229,0.03545105725
4589.84375,-0.1213542249,0.01907055576,0.006659079445
4609.375,-0.1958282358,-0.4694356682,0.1018653405
4628.90625,-0.1535549702,0.04302562967,0.01352060606
4648.4375,0.5463561733,0.4671556053,0.4065207237
4667.96875,0.1791173323,0.08278724951,0.02738934329
4687.5,-0.01231199118,-0.0009607823594,6.713179242e-05
4707.03125,0.7094045771,-0.338784202,0.1106159601
4726.5625,0.6774871986,-0.9710252559,0.105156637
4746.09375,-0.7707955302,-1.398490354,0.3246379381
4765.625,-1.501197082,-0.7822708614,0.5002949944
4785.15625,-1.577999218,-1.550059026,0.3554186609
4804.6875,0.2846832022,-2.211091707,0.1472975018
4824.21875,0.9102594514,-0.7930642398,0.06014599057
4843.75,-2.16036137,1.580782057,0.1223022869
4863.28125,-1.17189653,9.151434592,0.1694922364
4882.8125,-9.836563744,-31.96263268,0.1174624715
4902.34375,-77.60646916,-88.19022916,0.08220338785
4921.875,-74.73600578,12.64136486,0.04685828751
4941.40625,-22.58066635,6.100287541,0.07740580532
4960.9375,-11.2306005,0.7017505969,0.07145718584
4980.46875,-26.56927255,-36.72737802,0.4188176544
5000,-0.2349911233,-17.95682759,0.01872095116
5019.53125,39.00557091,-8.334946232,0.4454811777
5039.0625,12.29136614,3.613945232,0.4689306073
5058.59375,2.530401707,6.237504016,0.3569804304
5078.125,-0.9911056862,1.945587474,0.1297605042
5097.65625,2.560150835,4.275295767,0.2781550431
5117.1875,-0.6575154223,3.035650458,0.1514503683
5136.71875,-1.729078559,1.875930166,0.3044036282
5156.25,-0.9072066693,1.108082718,0.2026126236
5175.78125,-2.151714515,0.690489652,0.4282086874
5195.3125,-1.893454108,-0.74211662,0.1964419164
5214.84375,-0.4837545003,-0.2365968272,0.01023285956
5234.375,-1.260313881,1.291158413,0.06564588885
5253.90625,-10.09265718,3.510125365,0.3123587847
5273.4375,-0.8756638592,17.66364872,0.3068223588
5292.96875,2.420332326,6.086286444,0.2054075478
5312.5,0.4649647033,-0.2487423186,0.00884216913
5332.03125,0.3094910654,0.07455300664,0.01784779458
5351.5625,-0.2081323569,0.06481139362,0.01644076503
5371.09375,-0.1868894002,-0.1411970311,0.01911886652
5390.625,-0.5226377392,-0.5591221372,0.2299659453
5410.15625,-0.1806896472,-0.4377725979,0.08692770075
5429.6875,0.2699785444,-0.1687426008,0.06602745421
5449.21875,-0.06053667468,-0.09723311903,0.005349608386
5468.75,-0.3728500067,-0.4106473307,0.1660345527
5488.28125,-0.5121019098,0.2197166106,0.3807514417
5507.8125,-0.3326923381,0.3446820047,0.3790155227
5527.34375,0.09519289707,0.2069055931,0.06220701624
5546.875,0.1938803737,-0.2384314432,0.02974109594
5566.40625,-0.6693551675,-1.211229138,0.6215444234
5585.9375,-0.4443422134,-0.5036017821,0.4859640602
5605.46875,-0.2455045098,-0.4584177426,0.5386501671
5625,-0.1733358129,0.04234472171,0.08144561761
5644.53125,-0.07120406577,0.3909433173,0.2627888023
5664.0625,0.3925965025,0.8565291659,0.3860878029
5683.59375,-0.05556548658,0.04610153904,0.00655134113
5703.125,0.03708748141,-0.08160378481,0.02926574611
5722.65625,0.006722729,-0.1376436059,0.03902971741
5742.1875,-0.2718947611,-0.1278690846,0.1662394522
5761.71875,-0.2164208453,-0.1254349081,0.2235026473
5781.25,-0.121505936,-0.06911285302,0.1084555221
5800.78125,0.05910996784,0.2077522864,0.1561918508
5820.3125,-0.06534341086,0.1002114206,0.03803646735
5839.84375,-0.06341693405,-0.003387386108,0.01069041184
5859.375,0.01642099064,0.01257494713,0.001781849381
5878.90625,-0.1284373331,0.03768701029,0.0618514088
5898.4375,-0.1374463344,0.2267623088,0.213316356
5917.96875,-0.1516548314,0.1353109296,0.08028381165
5937.5,-0.01338170294,-0.1688068094,0.03589850601
5957.03125,-0.05848473059,-0.2135989899,0.1250220396
5976.5625,-0.03285601057,-0.01868802259,0.02620665462
5996.09375,-0.1342270321,0.14961936,0.3702298624
6015.625,-0.1385865256,0.1017731564,0.2464991772
6035.15625,-0.04656728164,0.1008573997,0.2068471482
6054.6875,0.04895671938,0.0007843530085,0.02599696442
6074.21875,0.09690702176,-0.05944973102,0.07410126564
6093.75,-0.2567727153,-0.03872525399,0.3574695602
6113.28125,-0.2546413985,-0.05748954701,0.377899997
6132.8125,-0.2291723407,-0.1762764661,0.3979913028
6152.34375,-0.1667319939,0.0616556965,0.1311454769
6171.875,-0.2122574514,0.01388351958,0.1467414616
6191.40625,-0.06593410709,-0.1131198073,0.1901518957
6210.9375,-0.05205542864,-0.1720264383,0.2734809284
6230.46875,-0.02865561817,-0.1551391665,0.1631697749
6250,-0.0615212337,-0.02284790213,0.02750860875
6269.53125,-0.2606169726,0.1876715773,0.3186026594
6289.0625,-0.1448206188,0.0346607425,0.1111481081
6308.59375,-0.09445754844,-0.1043806509,0.2042379439
6328.125,-0.00295322247,0.07765782985,0.09803459395
6347.65625,0.02928598435,0.02782851214,0.02173456675
6367.1875,-0.1738366786,-0.06024237811,0.2711534365
6386.71875,-0.04652314758,-0.185525618,0.1147471866
6406.25,0.1544971751,0.08086421093,0.1204472315
6425.78125,0.1262156612,0.07614119565,0.1399517351
6445.3125,0.02996186953,0.03302941985,0.03679650455
6464.84375,9.242639338e-05,0.00718132135,0.001755828896
6484.375,-0.02774126087,0.06212990569,0.04897739422
6503.90625,-0.1355674184,-0.1143317162,0.2890201575
6523.4375,0.04844998356,-0.04473800575,0.03574083073
6542.96875,0.1084336205,0.03837094306,0.187220477
6562.5,0.06212726484,0.009413282452,0.04191832529
6582.03125,-0.05524311777,0.0103232894,0.0320312916
6601.5625,-0.1504362498,0.01654029442,0.2188109883
6621.09375,-0.1355392872,-0.05889157928,0.1547684589
6640.625,-0.05800140498,-0.09482064628,0.1240049309
6660.15625,-0.0393868869,-0.04459158417,0.03885510695
6679.6875,-0.168118188,0.07369287742,0.24509723
6699.21875,-0.123235214,0.1233438307,0.1547975945
6718.75,-0.1017302205,0.001522474699,0.05664832733
6738.28125,-0.1584320094,-0.258722396,0.4792415952
6757.8125,-0.08494324292,-0.0533180717,0.1408379957
6777.34375,-0.09705665837,0.0346875922,0.166078905
6796.875,0.01616460263,0.0913768773,0.07416382577
6816.40625,-0.03379150303,0.05779442083,0.0316621914
6835.9375,-0.08426215224,-0.04989000594,0.1050490214
6855.46875,-0.04581914412,-0.08554785272,0.2756191658
6875,-0.07660450715,-0.1171538761,0.262195393
6894.53125,-0.2074873247,-0.06456072813,0.3132923548
6914.0625,0.02910369482,0.002480943639,0.005890778775
6933.59375,0.03376282581,0.03748584359,0.01872610791
6953.125,0.07300572912,-0.07170246931,0.05567685327
6972.65625,-0.1345750021,-0.07355852053,0.1507666481
6992.1875,-0.09793454794,0.007768159031,0.1034686766
7011.71875,-0.08514059577,0.07303831309,0.08316515439
7031.25,-0.1156448464,-0.09693120146,0.1451573664
7050.78125,-0.2039969883,0.1031144323,0.3328110557
7070.3125,-0.1579735442,-0.05039163155,0.2840056371
7089.84375,-0.08101460098,-0.1009445469,0.2848414282
7109.375,-0.1135353063,-0.134703895,0.3752650864
7128.90625,-0.06673259103,-0.09964758953,0.2163757234
7148.4375,0.04789128772,-0.05806017943,0.02964381175
7167.96875,0.1591490445,-0.08345102165,0.1389163849
7187.5,0.2159399504,-0.05243203886,0.4081843478
7207.03125,0.07398823761,0.05827015056,0.09471184201
7226.5625,-0.06799898249,0.07488864553,0.1009669044
7246.09375,-0.1214583989,0.06280505575,0.1673934511
7265.625,-0.08174549184,0.02956183771,0.0846912938
7285.15625,-0.122149191,0.005172938761,0.2429360327
7304.6875,-0.194804833,-0.02382660892,0.3936088369
7324.21875,-0.2403356539,0.01704558632,0.1888834554
7343.75,0.003308352355,0.1635849322,0.09148658287
7363.28125,-0.0677333005,0.07479365698,0.1243060303
7382.8125,-0.03280752821,0.1523296817,0.4605634243
7402.34375,-0.07592610818,0.09606490731,0.259198464
7421.875,-0.04103933974,0.06844075727,0.05040708368
7441.40625,-0.05462177714,-0.03957186746,0.03545137815
7460.9375,-0.03896362515,0.09530256673,0.08191071967
7480.46875,-0.1634054157,0.1373670618,0.354614185
7500,-0.07731177698,0.06757460973,0.2293717119
7519.53125,-0.08916679726,0.05250825726,0.2747943061
7539.0625,-0.1832147302,0.06455250289,0.4821253464
7558.59375,-0.1670161618,0.05698497528,0.3741341298
7578.125,-0.02562173948,0.09702133487,0.09041855978
7597.65625,0.1073843507,0.1099635346,0.2911525628
7617.1875,-0.02904391189,0.07463605754,0.08347395321
7636.71875,-0.02531659354,0.00157591588,0.005447946517
7656.25,-0.09152806519,-0.09896122314,0.1364607487
7675.78125,-0.07698632052,-0.1110043811,0.1275406488
7695.3125,-0.03627215073,0.007723625822,0.01957876118
7714.84375,-0.1305722238,-0.004211805384,0.4618982944
7734.375,-0.03041523758,0.1081225123,0.1738522566
7753.90625,-0.1269698703,0.08616747291,0.2961879012
7773.4375,-0.2290321162,0.1329664501,0.4915917291
7792.96875,0.004436127175,0.09112952484,0.07181228143
7812.5,-0.02385269609,0.1404089025,0.1870576547
7832.03125,-0.01527668243,0.253152422,0.2441348519
7851.5625,-0.09512598697,0.03035408825,0.01680549561
7871.09375,-0.09178221945,-0.04248752322,0.07359942471
7890.625,-0.05505430634,-0.09370336553,0.297108893
7910.15625,-0.05122277835,-0.1149597465,0.3745861096
7929.6875,-0.06122693947,-0.04548973188,0.08285740017
7949.21875,-0.2872683168,-0.008028228738,0.3805590224
7968.75,-0.2149061588,-0.07764926679,0.2964804764
7988.28125,-0.1303259086,-0.2060739037,0.4672384342
8007.8125,-0.07185286441,-0.1862508553,0.4941054438
8027.34375,-0.009970036064,-0.2403360761,0.4116428448
8046.875,-0.2188763569,-0.1468930158,0.2649921907
8066.40625,-0.2163390175,-0.1949383652,0.3745442381
8085.9375,-0.0165285138,-0.007375448024,0.001339339491
8105.46875,0.07383713037,0.06554984153,0.07607713803
8125,-0.02082978494,0.05914757853,0.05881789782
8144.53125,-0.1122478356,0.05060078761,0.2403653179
8164.0625,0.0107486662,-0.008823792179,0.001259531135
8183.59375,0.1271775756,0.1345426274,0.1176157521
8203.125,-0.1891853927,-0.1462561389,0.3042580227
8222.65625,-0.03827418466,-0.09502225009,0.2105085939
8242.1875,0.02498499585,-0.0364172898,0.03194931817
8261.71875,-0.01485838008,-0.04375473681,0.01461554507
8281.25,-0.1223199329,0.1262123958,0.2329502048
8300.78125,-0.2196798256,0.1130963348,0.3844641406
8320.3125,-0.05029034954,0.05620126372,0.07033596736
8339.84375,-0.01806665366,0.09479564809,0.09694802202
8359.375,0.003973528697,-0.03950409096,0.01611432412
8378.90625,0.02415086625,-0.09251392695,0.1231882401
8398.4375,0.003817762565,-0.04035672524,0.02898495995
8417.96875,-0.05174187315,0.06921505713,0.1609154032
8437.5,-0.04972214687,0.1120343139,0.1809277989
8457.03125,-0.2419190161,0.0340090374,0.3872354938
8476.5625,-0.2583667729,0.1089222505,0.3057827134
8496.09375,-0.0955668175,0.1181633341,0.1861320888
8515.625,-0.2316753648,0.005047585003,0.2785598274
8535.15625,-0.07057666019,0.05964842367,0.06252522382
8554.6875,0.01416410011,0.01497271372,0.005547879359
8574.21875,0.007129601622,0.0280912544,0.009677945352
8593.75,-0.1771977216,0.06849309458,0.2430590211
8613.28125,-0.1850416237,-0.09956449096,0.5113972271
8632.8125,0.02783631559,-0.1469584921,0.3487598343
8652.34375,0.1383390671,-0.05337952207,0.3314986309
8671.875,0.09469075438,-0.04144959928,0.07800165935
8691.40625,-0.05449327274,-0.1208718164,0.05353512315
8710.9375,-0.002012142261,-0.2734785458,0.1918536436
8730.46875,-0.1368758215,-0.04590324257,0.07441880518
8750,-0.1562959255,0.1603473414,0.3944086422
8769.53125,-0.02983607586,0.09752037492,0.0759838773
8789.0625,0.1176681543,-0.1601767027,0.2522623911
8808.59375,-0.04807129664,-0.1647942021,0.2340423795
8828.125,-0.06475193824,-0.4126643659,0.3166485697
8847.65625,0.08960689693,0.0895968455,0.07042226039
8867.1875,-0.006153251587,0.09122361548,0.06840732243
8886.71875,0.1268104195,0.0671502678,0.06943118444
8906.25,0.2833856289,-0.1677874965,0.1473146544
8925.78125,-0.1312850053,-0.2176791017,0.1141584506
8945.3125,-0.2444483024,0.09994608684,0.2330036345
8964.84375,-0.1021722777,0.09983048895,0.1962723658
8984.375,0.05818221802,-0.07881515166,0.1509574091
9003.90625,-0.01238825607,-0.06702662925,0.05343192136
9023.4375,-0.150224601,0.04241257228,0.1329208563
9042.96875,0.02536763366,-0.2779782611,0.07219405648
9062.5,0.3330088162,-0.4182599779,0.1223354846
9082.03125,-0.01365280469,0.1705061696,0.02716907961
9101.5625,-0.239946404,0.05225157119,0.1276472401
9121.09375,-0.07316525764,0.05540436366,0.02690811834
9140.625,-0.1141383818,0.02474837113,0.03266004633
9160.15625,-0.3501904746,-0.1441265111,0.2701502615
9179.6875,-0.5392196196,-0.2295597425,0.4521592966
9199.21875,-0.5915137245,0.05286386161,0.3048967012
9218.75,-0.01516199754,0.1226872635,0.04869911909
9238.28125,-0.3627372542,0.2160792422,0.23059115
9257.8125,-0.1157647613,0.06046227947,0.02009375025
9277.34375,-0.1543075703,-0.006138499682,0.03193183486
9296.875,0.04063061057,-0.1038774286,0.03221294226
9316.40625,0.2080013898,0.5020908741,0.1997398271
9335.9375,0.3766844719,-0.2672517999,0.1203034235
9355.46875,0.1980021363,-0.3353248586,0.2171277165
9375,0.07121143742,-0.3579441071,0.1629783127
9394.53125,-0.1666535543,-0.1173814638,0.03170226389
9414.0625,-0.4246718221,0.323945432,0.03613641193
9433.59375,-1.145313929,-1.641353562,0.1136361726
9453.125,-0.4466847755,-1.2874768,0.3138073311
9472.65625,0.4272887833,-0.4174822141,0.06804510966
9492.1875,0.6603819047,0.1926384707,0.17549789
9511.71875,0.6092744311,-0.01104983884,0.116496033
9531.25,0.2952746448,-0.6256438027,0.1620716736
9550.78125,0.0622012932,-0.7916250856,0.2514351026
9570.3125,-0.3428240878,-0.4750691993,0.1531942901
9589.84375,-1.449631569,-0.3909614563,0.3610879241
9609.375,-0.2386822745,-0.6746925563,0.07550266553
9628.90625,0.6630430043,-1.56175954,0.1515882953
9648.4375,-1.624347003,0.5457552704,0.2521028443
9667.96875,0.01226330344,0.4171884494,0.033084921
9687.5,-0.2795748429,0.1044917053,0.005956589326
9707.03125,-2.097122123,1.155928247,0.1061927689
9726.5625,-0.7733993675,2.519458093,0.06679538339
9746.09375,-0.4024826365,-0.004140699167,0.001602787967
9765.625,-1.124495311,0.2779176464,0.004653155909
9785.15625,9.919290614,1.208223819,0.06407364535
9804.6875,-40.75273331,-25.43769413,0.1271375091
9824.21875,-101.8012922,-38.48968256,0.5256052551
9843.75,-51.41131798,-4.070971268,0.5113045463
9863.28125,-18.17160329,-1.76099683,0.3334351028
9882.8125,-16.52651079,0.240945037,0.2515659238
9902.34375,-11.00977613,2.921784631,0.2342653396
9921.875,-2.975648805,5.932471785,0.06001153925
9941.40625,-1.026651004,-0.1204822359,0.001731834625
9960.9375,2.793651248,-3.638739204,0.0172946962
9980.46875,35.2900715,18.85663967,0.3223753232
10000,-4.626499961,0,0.0007558489504
